pollingarea_id;eligible;voted;valid;A;B;C;SF;I;K;O;V;OE;Alt;D;other
101001;11147;9903;9787;1556;1862;581;1101;316;75;235;1752;1454;569;118;162
101002;5915;5096;5053;761;911;422;512;153;41;194;1033;601;240;78;104
101003;11045;9941;9888;1473;1930;557;1269;229;84;187;1580;1609;706;115;141
101005;10707;8961;8877;1670;1420;455;1019;234;104;374;1252;1419;580;149;193
101006;9618;8065;7981;1422;1443;424;920;229;52;315;1235;1095;533;108;195
101007;9660;7664;7554;1676;1121;293;911;154;51;501;925;1160;406;114;233
101008;12838;10435;10336;1839;1719;352;1330;268;71;412;1284;1927;730;117;270
101009;9644;7940;7853;1215;1380;408;802;418;49;272;1462;993;530;120;196
101010;10332;9197;9127;1313;1639;552;1064;360;38;252;1837;1217;553;140;151
101011;14032;10851;10784;1176;2239;680;1197;349;40;174;1759;1938;870;129;220
101012;6359;5748;5696;718;1177;425;592;183;38;113;1074;865;340;69;100
101013;9558;8400;8331;1137;1438;360;1022;181;46;170;1076;1944;715;71;162
101014;11722;10170;10061;1212;1775;896;952;439;57;197;2249;1331;580;153;215
101016;9848;8078;8003;1486;1125;316;952;272;38;420;1226;1293;510;134;219
101017;14432;11853;11710;2163;1750;410;1372;279;99;516;1522;2205;870;169;339
101018;8151;6828;6760;1450;868;263;898;136;66;377;1010;1008;381;81;215
101019;8909;7646;7565;1509;1196;370;885;207;87;366;1308;929;426;96;183
101020;6532;5461;5404;815;857;101;709;52;29;122;376;1635;562;43;99
101021;9923;8527;8457;985;1698;204;1126;177;36;160;862;2184;814;48;149
101022;5932;5058;5003;552;978;147;588;57;32;86;393;1609;427;42;88
101023;6756;5982;5928;647;1203;188;773;125;22;76;656;1515;572;54;93
101024;6960;6094;6051;813;1024;105;918;91;30;125;499;1737;550;50;104
101025;10045;8688;8611;874;1630;166;1116;133;30;186;671;2608;968;69;153
101027;10466;8507;8423;1238;1405;217;988;170;85;294;820;2162;723;132;182
101028;7294;5829;5762;1172;819;221;761;80;72;331;576;1087;382;86;168
101029;4011;3189;3164;762;400;107;343;60;26;196;329;591;181;57;102
101030;9435;7738;7648;1097;1179;166;1004;161;63;213;683;2068;699;105;198
101031;3844;3358;3320;666;483;199;453;80;18;173;439;472;200;61;72
101032;2483;1666;1634;339;428;19;112;15;10;106;70;363;123;13;35
101033;7201;6166;6102;1204;895;268;824;120;65;329;825;937;407;102;122
101034;8105;6980;6932;1386;1111;255;967;114;58;347;712;1263;450;115;147
101035;6104;4663;4581;997;756;169;542;70;32;307;487;802;217;70;123
101036;7939;6687;6629;1573;907;299;843;77;59;522;778;932;337;120;179
101039;4584;3916;3874;808;534;200;487;101;44;168;625;541;217;61;86
101040;5136;4543;4503;792;682;262;649;119;66;213;645;659;237;71;103
101041;10049;8568;8461;1812;1193;446;1072;229;78;414;1267;1200;389;142;211
101042;8020;6852;6773;1336;1074;320;890;187;62;276;960;1023;373;111;158
101043;8847;7574;7485;1390;1102;333;917;196;60;347;1175;1169;481;127;178
101044;5960;4789;4733;1084;740;185;494;136;44;253;679;645;244;76;144
101046;4810;3774;3722;857;562;135;411;64;52;269;460;538;187;55;127
101047;4494;3676;3610;719;552;109;442;72;21;184;416;718;245;48;81
101048;7245;6212;6130;1105;902;260;817;188;41;244;986;955;359;95;172
101049;7018;6279;6240;801;1150;157;923;92;23;125;546;1620;643;51;105
101050;8069;7026;6980;860;1381;237;945;156;19;131;762;1628;648;62;146
101051;8579;6633;6536;1371;693;143;689;122;41;395;513;1671;508;128;255
101052;6258;5531;5492;669;1059;203;748;132;24;100;666;1219;541;55;69
101053;5975;5277;5246;696;1069;206;695;114;20;104;564;1168;457;50;101
101054;3084;2527;2496;428;344;71;306;59;21;106;246;576;229;35;71
101055;8313;7285;7225;858;1449;480;589;485;36;115;1872;638;427;106;166
101056;7215;6398;6364;778;1190;590;556;306;36;127;1631;630;328;68;123
101057;7458;6410;6353;1172;1066;226;820;126;52;321;787;1093;468;80;142
101058;9724;8111;8051;927;1686;160;1015;141;44;173;614;2262;821;65;136
101059;5395;4076;4021;688;700;116;467;57;54;194;292;971;323;57;99
147001;8265;7361;7310;990;1553;686;839;209;55;213;1221;920;434;80;109
147002;8479;7667;7613;1089;1379;839;824;231;55;217;1503;856;391;114;111
147003;10700;9597;9544;1407;1839;778;1089;266;52;306;1692;1280;546;120;164
147004;10117;8992;8932;1338;1725;841;929;229;63;319;1637;1103;475;121;148
147005;10090;8550;8472;1522;1310;750;872;267;75;389;1453;1072;418;128;196
147006;9012;7731;7687;1401;1123;860;736;197;82;430;1417;877;314;108;139
147007;9818;8375;8296;1329;1391;896;797;246;64;319;1551;1003;368;139;185
147008;7958;7153;7107;1109;1260;570;789;252;42;210;1341;908;374;96;152
151001;4145;3386;3343;1341;226;133;258;65;28;429;383;218;48;99;115
151002;6055;4790;4718;1730;276;199;463;88;30;549;620;375;103;109;176
151003;2638;2339;2318;753;146;154;210;69;22;222;437;137;45;59;64
151004;2920;2320;2289;865;141;75;222;41;20;310;237;159;46;67;106
151005;3680;3381;3349;956;257;262;315;90;75;292;728;174;71;68;61
151006;5543;4478;4428;1619;299;173;369;74;89;542;564;348;102;102;147
151008;4126;3656;3614;1013;347;301;364;98;38;259;701;236;85;76;96
151009;3221;2959;2933;791;323;232;303;75;37;167;537;193;126;75;74
151010;2109;1910;1894;533;178;114;262;47;13;128;304;161;69;34;51
153001;3227;2815;2787;914;189;167;217;43;14;370;470;142;78;90;93
153002;3401;2696;2656;1045;135;103;206;36;10;352;397;142;51;63;116
153003;3041;2476;2442;945;111;94;219;34;23;291;349;183;53;43;97
153004;5496;4333;4280;1661;357;167;351;51;26;478;476;321;112;98;182
153005;8157;6290;6228;1839;963;234;496;74;38;579;734;618;354;112;187
155001;3824;3408;3388;618;408;417;208;80;18;234;1049;156;57;63;80
155004;6451;5715;5675;1165;481;556;295;168;33;536;1755;248;141;151;142
157001;5369;4866;4825;507;659;1130;286;253;39;169;1252;208;124;101;97
157002;4458;3964;3933;689;618;532;416;112;43;184;753;303;122;80;81
157003;4969;4288;4250;456;696;960;272;224;36;127;1012;194;115;80;78
157004;5142;4251;4204;768;585;635;311;142;46;259;764;283;159;103;149
157005;4986;4537;4501;546;796;872;312;202;42;145;1028;226;116;106;110
157006;5635;5183;5157;462;787;1133;264;271;41;139;1488;234;122;129;87
157007;6099;5475;5431;534;831;1014;332;271;67;181;1463;321;189;116;112
157008;4396;3947;3920;417;514;905;213;183;30;146;1039;175;115;87;96
157009;5047;4567;4542;397;605;1067;170;280;37;107;1395;185;133;86;80
157010;4621;4063;4027;387;495;978;203;200;34;160;1106;171;91;107;95
159001;5135;4409;4354;940;559;457;423;134;43;279;840;336;132;91;120
159002;6182;5209;5143;1434;548;281;682;133;46;362;793;437;181;107;139
159003;5907;4868;4809;1318;448;298;513;102;39;451;826;382;133;127;172
159004;6364;5382;5327;1376;827;224;677;80;57;359;637;630;256;76;128
159005;6358;5212;5152;1553;530;262;587;105;42;483;758;451;138;101;142
159006;5939;5321;5269;1228;815;419;634;150;49;252;923;402;221;73;103
159007;3908;3424;3395;739;488;232;474;103;34;200;542;316;128;51;88
159008;4349;3677;3652;966;404;257;381;108;31;288;631;289;90;70;137
159009;2356;1837;1820;423;250;113;213;50;13;113;310;181;60;41;53
161001;2285;2042;2026;579;161;145;173;41;10;212;459;103;39;50;54
161002;2533;2028;1994;548;207;137;156;47;15;219;357;130;52;57;69
161003;4147;3298;3249;938;207;171;301;91;31;413;566;208;86;92;145
161004;2870;2237;2201;896;148;46;162;34;16;305;210;156;70;62;96
161005;1436;1334;1323;267;106;146;82;42;14;119;423;45;16;23;40
161006;2724;2291;2262;700;143;134;204;44;12;275;451;116;45;71;67
163001;7145;5751;5681;1806;490;287;612;122;67;515;806;495;162;121;198
163002;6357;5670;5607;1845;419;461;463;104;106;441;1003;383;112;135;135
163003;6618;5376;5294;1655;414;315;513;98;72;460;690;546;167;144;220
165001;4405;3779;3725;982;264;221;521;78;32;257;472;545;179;66;108
165002;3216;2789;2762;839;235;161;350;34;22;250;335;270;101;66;99
165003;3048;2402;2364;676;280;68;334;18;22;226;211;262;142;57;68
165004;3378;2572;2529;918;181;52;323;21;12;274;173;287;98;73;117
165005;4364;3712;3666;1049;419;118;564;50;33;218;329;468;232;96;90
167001;4051;3446;3423;863;327;205;443;69;20;319;554;289;123;92;119
167002;3294;2696;2671;784;217;125;288;53;30;296;430;190;91;61;106
167003;4359;3503;3458;1118;274;134;376;51;25;417;457;303;103;72;128
167004;4585;3856;3828;1242;304;170;526;75;34;400;492;281;97;78;129
167005;4946;4356;4301;1167;355;274;502;101;60;444;688;346;131;104;129
167006;5101;4272;4241;1383;363;214;414;57;42;473;666;306;87;80;156
167007;5749;4819;4768;1343;431;281;472;75;84;562;853;289;139;118;121
167008;4589;3578;3534;986;395;129;403;52;31;387;378;385;115;115;158
169001;2123;1543;1520;376;156;123;143;35;10;148;187;143;98;31;70
169002;3292;2756;2730;750;264;355;219;41;30;266;415;142;81;64;103
169004;4205;3713;3679;1001;294;519;263;56;38;369;661;175;89;94;120
169006;4007;3059;3002;742;448;200;256;60;25;272;403;261;159;88;88
169007;5155;4342;4286;1325;317;406;355;76;38;508;630;250;124;118;139
169008;2919;2324;2294;662;211;178;203;47;26;275;310;167;78;64;73
169009;1881;1652;1640;350;132;161;137;31;26;178;375;97;29;63;61
169010;4370;3565;3522;983;322;341;272;71;26;381;616;207;97;82;124
169012;4046;3499;3461;935;228;329;315;76;30;411;697;138;66;115;121
169013;646;572;564;124;34;58;58;13;5;59;129;35;13;17;19
173001;4950;4197;4157;786;556;545;383;179;44;191;866;251;133;103;120
173002;4393;3671;3620;914;408;360;360;103;37;286;552;280;128;85;107
173003;4646;4001;3934;660;600;588;312;207;24;190;766;236;168;80;103
173004;4996;4462;4431;736;676;684;365;199;45;179;992;251;138;84;82
173005;1095;1004;1001;110;180;167;84;30;6;32;222;81;41;16;32
173006;4774;4429;4409;545;815;961;302;191;25;110;1006;211;108;86;49
173007;3593;3304;3285;555;603;519;329;90;27;111;693;152;76;66;64
173008;3893;3387;3358;678;438;489;339;95;24;183;650;210;108;57;87
173009;2163;2052;2045;367;374;314;203;63;23;68;378;104;70;39;42
173010;4499;3879;3840;780;585;582;380;87;27;168;651;275;122;76;107
175001;3022;2595;2560;660;232;181;299;58;26;219;448;225;81;45;86
175002;4164;3403;3365;1186;241;156;335;50;35;349;467;271;74;85;116
175003;5800;4863;4822;1414;473;309;541;102;53;372;766;420;126;107;139
175004;3895;3106;3069;1047;237;121;347;50;17;296;356;290;99;73;136
175005;5526;4620;4571;1450;424;250;514;93;65;397;630;370;136;104;138
175006;4321;3635;3600;1069;289;237;346;90;30;369;585;262;105;81;137
175007;1426;1091;1080;415;111;14;81;7;8;127;52;152;39;23;51
183001;1351;1160;1153;252;116;76;108;24;14;150;253;51;30;51;28
183002;2653;2234;2208;757;238;84;167;23;16;266;335;125;58;62;77
183003;3478;2661;2636;832;303;86;242;30;17;322;310;197;92;93;112
183004;2875;1935;1903;560;351;33;180;19;8;183;137;229;97;37;69
183005;3375;2795;2771;823;349;118;213;58;18;298;483;180;73;83;75
185001;4537;3888;3856;1053;229;193;262;81;25;584;887;181;95;123;141
185002;5066;4509;4460;1253;366;268;320;88;47;460;1088;255;86;96;132
185003;4804;3920;3867;1290;289;150;333;61;22;519;617;265;84;93;140
185004;4084;3348;3293;1049;259;149;311;51;19;353;593;240;86;69;108
185005;3638;3099;3066;875;254;173;237;58;30;318;634;212;83;78;112
185006;8323;6617;6529;2344;375;269;538;100;45;867;915;482;177;167;244
187001;3482;2859;2827;599;360;336;231;73;27;228;532;175;112;69;85
187002;3218;2919;2878;768;230;454;194;75;25;264;587;118;39;66;58
187003;3960;3470;3439;905;300;489;225;69;13;340;715;135;93;77;78
190001;7068;6209;6162;1400;931;796;467;216;55;336;1190;338;166;143;124
190002;2596;2441;2430;370;505;378;211;67;19;62;497;156;86;50;29
190003;3503;3277;3260;575;587;471;246;123;38;132;719;150;97;58;64
190004;1024;958;949;225;148;100;116;31;6;38;147;70;30;21;17
190005;4161;3811;3784;701;571;527;272;132;32;140;902;258;113;77;59
190006;6039;5454;5415;992;851;655;423;207;54;230;1299;354;166;111;73
190007;3602;2837;2795;708;357;153;252;61;19;191;420;352;132;74;76
201001;2322;2187;2168;327;344;339;175;83;27;116;495;108;75;54;25
201002;3758;3321;3281;747;460;395;280;102;23;209;608;213;97;81;66
201003;4090;3756;3725;712;616;535;280;122;37;169;856;159;100;85;54
201004;3814;3425;3386;634;353;434;194;92;33;245;943;155;75;143;85
201005;4292;4019;3996;659;586;677;242;161;51;168;1075;147;77;105;48
210001;4743;4140;4107;857;406;479;249;142;57;362;1056;144;106;137;112
210002;3427;3080;3064;492;420;436;196;140;34;160;831;118;80;91;66
210003;3478;3019;2997;524;454;397;220;134;17;163;633;190;126;75;64
210004;3577;3180;3160;655;498;274;289;94;17;233;593;197;129;97;84
210005;6599;5682;5642;1138;766;653;358;187;74;437;1299;307;105;174;144
210007;2971;2590;2568;547;302;211;217;84;29;212;553;171;84;93;65
210008;858;789;785;98;87;124;38;75;10;48;213;25;26;23;18
210009;2670;2206;2193;491;325;213;197;52;19;152;427;172;63;49;33
217001;9703;7892;7793;2084;746;651;676;219;68;587;1040;831;314;334;243
217002;7353;5829;5747;2026;448;380;436;101;36;604;638;495;133;245;205
217003;5590;4415;4361;1173;593;396;303;83;28;405;547;373;130;177;153
217004;4295;3761;3731;822;375;539;235;110;37;286;816;212;95;117;87
217005;4003;3441;3422;711;331;444;193;125;13;268;788;197;124;125;103
217006;1023;899;886;152;78;113;52;35;7;83;194;53;35;43;41
217007;1314;1140;1130;207;123;121;51;32;7;116;290;48;26;64;45
217008;828;707;702;165;63;60;50;21;17;79;125;40;27;25;30
217009;3718;3285;3261;707;379;473;228;105;32;235;612;193;111;125;61
217010;3514;3175;3157;519;503;502;227;158;26;143;652;176;122;69;60
217011;4888;4310;4273;954;580;558;315;137;26;321;798;263;112;129;80
219001;6975;5884;5813;1281;715;508;540;243;113;289;1177;437;217;165;128
219002;4584;4002;3963;1053;435;291;307;115;101;221;889;254;115;107;75
219003;641;590;587;110;73;58;34;18;6;46;172;23;13;22;12
219004;1153;1097;1090;222;165;91;130;21;15;38;212;105;62;15;14
219005;1756;1568;1557;354;123;123;80;61;25;139;432;73;52;59;36
219006;4247;3756;3721;912;385;320;267;116;113;215;872;224;102;128;67
219007;1535;1388;1384;276;233;161;82;40;25;87;269;71;58;50;32
219008;854;809;807;148;137;103;54;30;15;23;169;57;51;10;10
219009;3297;2894;2866;724;350;253;252;77;110;143;530;188;85;99;55
219010;5098;4216;4175;1049;565;342;316;94;107;282;767;300;119;114;120
219011;1508;1313;1301;281;79;103;79;34;19;144;389;41;25;61;46
219012;2903;2511;2497;542;159;213;122;71;39;254;741;104;62;104;86
219013;1042;928;919;219;68;69;46;37;9;96;233;53;23;39;27
219014;972;885;880;178;77;56;36;21;7;90;267;47;20;51;30
223001;4732;4283;4253;494;530;928;161;196;22;229;1293;116;71;118;95
223002;4802;4312;4290;648;510;875;199;194;48;251;1171;117;53;132;92
223003;3355;3119;3111;161;335;804;61;259;17;66;1207;39;29;92;41
223004;306;281;281;17;31;52;6;27;2;18;98;8;4;12;6
223005;5080;4392;4362;549;504;874;168;245;37;241;1327;113;68;162;74
230001;4943;4377;4332;739;792;619;314;158;35;204;915;261;133;93;69
230003;4850;4425;4409;424;815;892;192;285;25;119;1239;146;111;96;65
230004;3816;3285;3250;631;412;432;199;111;21;212;784;177;85;102;84
230005;5290;4751;4720;634;888;751;282;234;29;167;1124;266;175;99;71
230006;2441;2260;2249;230;380;443;119;144;20;49;599;92;74;56;43
230007;5710;5101;5061;791;968;778;338;203;29;200;997;333;199;117;108
230008;3905;3529;3500;468;474;639;158;185;25;150;1047;141;62;96;55
230009;3000;2706;2687;210;417;564;114;199;16;55;826;85;85;64;52
230010;5556;5050;5020;374;695;1025;156;362;38;170;1685;139;125;163;88
240001;857;743;736;148;59;79;58;22;4;58;199;38;25;18;28
240002;7345;6637;6590;1618;620;692;550;243;55;514;1554;264;127;194;159
240003;4708;4113;4059;1048;379;307;235;111;37;376;1041;186;91;137;111
240004;1395;1280;1272;297;140;87;115;25;6;114;287;90;42;42;27
240005;2616;2433;2410;440;320;262;185;75;22;155;597;126;75;79;74
240006;1234;1133;1126;213;119;80;98;28;15;95;256;108;42;35;37
240007;5029;4486;4436;1190;351;350;267;127;38;461;1128;176;77;167;104
240008;4508;4027;3988;1048;320;286;283;133;18;432;1045;140;60;127;96
240009;3296;2919;2889;728;258;263;170;98;32;273;782;106;36;74;69
250001;5763;4741;4690;1307;364;342;358;114;34;421;1122;254;107;141;126
250002;4511;3912;3884;925;318;302;284;85;47;388;1008;190;67;161;109
250003;4871;4301;4249;1102;297;313;332;86;42;392;1159;186;78;144;118
250004;6530;5452;5401;1439;252;334;335;75;43;730;1286;351;119;230;207
250005;6621;5536;5481;1575;313;363;382;86;42;618;1175;424;116;217;170
250006;5957;5199;5138;1200;383;382;290;154;37;505;1495;249;112;196;135
253001;2958;2423;2399;742;169;113;139;38;20;325;498;148;31;67;109
253002;5362;4648;4608;1085;419;281;243;93;36;481;1450;174;74;128;144
253003;7684;6610;6555;1653;364;437;437;142;44;697;2023;241;102;191;224
253004;3776;3445;3419;773;226;280;249;88;21;309;1193;72;40;86;82
253005;6386;5654;5612;1238;385;437;349;161;78;532;1928;144;85;142;133
253006;5196;4634;4597;1110;273;271;350;117;39;566;1428;125;58;137;123
253007;4173;3207;3167;903;259;136;210;55;21;402;674;224;53;109;121
259001;3798;3278;3243;668;201;313;499;78;23;236;923;107;36;81;78
259002;4387;3587;3553;938;282;204;645;58;10;319;683;171;60;74;109
259003;718;641;637;117;31;63;85;19;4;39;210;27;11;16;15
259004;1620;1412;1397;271;77;92;246;24;6;164;339;42;23;58;55
259005;4017;3333;3290;847;294;206;496;62;23;288;660;178;53;62;121
259006;3176;2714;2691;593;215;171;364;62;20;267;713;80;47;73;86
259007;2535;2135;2108;492;88;136;409;29;20;153;533;92;35;51;70
259008;1015;881;874;187;23;60;165;16;5;96;212;29;8;32;41
259009;4244;3642;3610;915;220;252;605;69;30;323;841;161;44;58;92
259010;3835;3360;3328;673;200;349;595;82;10;241;875;94;44;85;80
259011;2597;2200;2172;481;109;129;463;28;22;210;436;122;37;52;83
259012;4520;3935;3900;952;257;250;532;59;57;390;866;172;87;138;140
259013;2837;2535;2509;535;159;164;287;71;19;256;749;66;34;95;74
259014;978;853;847;155;27;59;82;23;14;107;282;24;15;24;35
259015;2607;2249;2229;497;69;163;226;45;18;252;742;45;24;66;82
259016;1286;1169;1159;252;35;72;156;17;9;157;352;20;15;34;40
260001;7589;6440;6375;1818;339;274;697;96;51;708;1238;513;213;214;214
260002;3191;2730;2698;733;155;168;252;46;25;333;592;135;61;89;109
260003;3130;2565;2543;810;136;140;243;40;8;274;545;104;46;116;81
260004;7239;5748;5688;1698;299;289;522;102;61;649;1153;344;124;240;207
260005;2555;2130;2114;591;98;109;167;22;17;308;516;90;27;104;65
265001;4423;3790;3759;817;403;313;512;94;21;180;758;377;140;59;85
265002;4448;4040;4001;907;429;366;445;90;30;204;989;276;126;58;81
265003;6291;5319;5254;1435;576;272;746;97;43;304;882;524;191;65;119
265004;3678;3111;3075;784;374;133;386;57;31;219;576;278;111;57;69
265005;5316;4355;4301;1197;444;243;487;121;34;326;717;323;146;102;161
265006;5830;5308;5276;1053;608;551;528;157;33;247;1531;303;134;68;63
265007;3322;3056;3032;863;249;238;304;53;38;222;763;156;42;42;62
265008;1865;1705;1684;413;155;138;141;48;18;145;443;82;31;31;39
265009;935;827;818;150;61;41;92;22;5;76;231;62;31;20;27
265010;5306;4269;4200;1172;459;204;458;83;40;342;657;386;159;86;154
265011;2601;2303;2281;478;183;163;190;63;18;213;627;117;85;64;80
265013;4826;4298;4257;905;299;443;299;146;31;423;1237;120;82;124;148
265014;2192;1976;1957;486;141;148;120;60;9;229;518;69;46;58;73
265015;2681;2404;2374;539;159;259;136;58;18;233;713;65;42;82;70
265016;1735;1601;1579;379;107;126;165;34;9;155;433;62;20;42;47
265017;3289;2892;2864;768;172;185;268;45;37;316;751;128;50;66;78
265018;826;726;718;149;41;42;43;2;11;87;228;31;19;33;32
265020;1203;1096;1088;227;82;65;106;19;18;117;317;60;25;28;24
265021;3564;3125;3104;503;499;206;498;111;18;103;552;333;195;31;55
269001;3504;3067;3039;730;181;226;261;76;28;386;815;92;50;74;120
269004;5843;5213;5166;1033;362;514;311;212;29;480;1713;144;74;138;156
269005;7275;6411;6350;1339;485;565;499;202;39;561;2030;185;87;183;175
270001;3680;3077;3049;690;137;214;185;64;45;399;780;166;49;175;145
270002;2460;2065;2041;446;125;147;151;41;30;182;472;148;96;107;96
270003;441;384;379;58;21;42;23;7;11;31;123;26;12;13;12
270004;3714;3097;3067;616;185;175;174;64;171;354;811;165;80;147;125
270005;1734;1537;1526;297;141;153;73;44;21;130;462;57;49;50;49
270006;5347;4589;4550;997;272;404;274;101;93;465;1248;248;129;157;162
270007;1229;1023;1008;198;64;72;71;25;10;119;267;55;45;45;37
270008;6022;4969;4927;1245;326;417;315;118;112;514;1248;196;94;193;149
270009;780;683;681;128;61;56;44;22;19;71;167;47;25;24;17
270010;2313;2030;2018;424;162;174;123;51;19;207;588;106;46;67;51
270011;2272;1942;1921;417;133;142;115;39;32;253;445;113;70;81;81
270012;1492;1336;1327;266;171;99;122;26;16;77;266;137;66;35;46
306001;3246;2705;2678;815;152;137;194;31;18;316;696;130;52;60;77
306002;3014;2503;2473;720;110;115;161;40;28;364;568;145;59;71;92
306003;2056;1631;1609;520;54;63;100;22;12;233;338;93;24;47;103
306004;2552;2080;2047;562;89;84;153;26;14;299;522;105;50;41;102
306005;1129;940;935;307;42;40;49;7;13;146;203;61;14;21;32
306006;2549;2081;2053;562;89;98;137;27;7;273;551;109;32;51;117
306007;4868;4036;3991;1408;172;210;283;36;33;459;782;272;84;105;147
306008;1342;1190;1172;288;76;96;100;7;5;83;308;107;44;19;39
306010;1186;985;977;269;43;47;81;9;7;115;172;107;54;25;48
306011;3027;2436;2413;743;102;109;150;29;12;367;507;155;70;59;110
306012;591;501;494;140;31;21;35;4;8;51;113;50;8;12;21
306013;840;673;663;195;26;18;29;11;6;100;141;67;13;17;40
316001;7517;6360;6301;1704;644;461;492;131;61;488;1470;404;156;106;184
316002;7381;5920;5845;1934;444;326;425;114;35;539;1187;413;114;110;204
316003;4676;3880;3810;1190;281;292;298;86;26;282;770;279;113;69;124
316004;3034;2742;2707;776;159;165;205;61;30;262;693;123;64;71;98
316005;3358;2950;2923;812;255;230;203;87;17;254;722;127;63;61;92
316006;1823;1584;1574;440;60;91;97;27;15;229;408;93;24;27;63
316007;3759;3239;3209;894;211;181;283;82;24;328;741;190;90;79;106
316008;2626;2245;2221;568;104;104;187;38;21;267;548;153;61;57;113
316009;3068;2636;2615;712;151;150;163;48;27;257;738;145;46;62;116
316010;2521;2074;2062;579;96;90;108;37;19;291;534;111;34;56;107
316011;3904;3155;3120;984;151;141;209;41;41;373;707;219;51;69;134
316012;3166;2626;2596;717;88;121;194;41;23;370;633;156;41;81;131
316013;2730;2204;2172;691;94;108;129;35;17;295;555;91;22;47;88
316014;2652;2190;2167;594;87;113;121;49;17;321;580;93;24;62;106
316015;776;649;642;177;24;13;75;7;4;76;122;70;31;18;25
320001;5443;4647;4597;1212;228;286;401;92;50;544;1127;198;81;147;231
320002;6280;5112;5054;1343;250;359;512;66;50;566;1156;259;73;164;256
320003;3722;3002;2954;1034;62;162;200;44;27;334;677;113;45;96;160
320004;3215;2706;2680;843;92;122;260;39;20;300;575;199;60;77;93
320005;3228;2766;2727;682;89;186;259;40;21;390;624;141;97;76;122
320006;2788;2336;2305;557;85;119;177;46;16;321;694;70;26;58;136
320007;2809;2320;2291;599;82;141;162;53;10;324;641;72;41;69;97
326001;2737;2192;2169;595;75;88;133;15;13;378;503;151;46;60;112
326002;297;251;246;86;8;7;20;0;12;35;54;15;2;1;6
326003;3449;2823;2788;839;102;99;186;36;21;423;596;182;46;105;153
326004;2401;1930;1902;552;63;73;124;21;10;289;497;76;24;60;113
326005;1460;1223;1211;334;42;52;56;18;20;168;365;45;12;33;66
326006;527;440;432;118;19;17;27;1;2;72;100;27;8;19;22
326007;1005;845;842;259;21;33;36;8;6;131;235;40;11;26;36
326008;2417;1912;1890;543;71;52;98;20;8;282;553;79;24;49;111
326009;3868;3202;3160;899;108;161;233;33;19;447;850;140;38;95;137
326010;1430;1194;1177;259;48;56;92;23;13;126;329;126;18;36;51
326011;1086;928;922;200;30;37;61;12;8;128;292;58;14;31;51
326012;3115;2476;2441;664;152;123;213;29;20;247;634;152;50;72;85
326013;2634;2052;2020;702;95;71;160;23;15;273;354;92;34;60;141
326014;1227;997;983;256;38;39;66;13;11;124;288;38;15;28;67
326015;2648;2176;2142;598;73;88;139;35;15;314;555;67;29;94;135
326016;3425;2985;2955;778;171;119;209;54;26;344;832;139;48;107;128
326017;673;579;574;135;23;27;59;3;4;80;145;40;9;28;21
326018;3079;2404;2373;726;181;96;182;37;8;248;570;138;48;57;82
329001;8313;6823;6739;1752;465;489;616;139;40;678;1707;340;136;138;239
329002;589;515;511;99;24;39;46;9;4;81;134;32;11;13;19
329003;588;530;523;119;31;46;38;11;8;69;132;33;8;8;20
329004;4131;3589;3563;1011;250;224;257;70;23;455;920;116;44;99;94
329005;1021;895;889;166;49;46;77;23;5;132;223;66;48;21;33
329006;4278;3500;3468;980;273;196;372;58;21;348;686;263;55;82;134
329008;1097;1001;991;193;102;35;136;34;3;73;199;121;62;17;16
329009;955;812;802;211;32;85;54;11;10;100;207;31;11;22;28
329010;1006;880;870;239;51;48;72;12;6;118;243;21;10;30;20
329011;526;453;449;102;20;19;25;7;3;73;128;31;11;13;17
329012;857;727;716;160;31;48;72;14;7;79;180;50;13;28;34
329013;1043;884;877;218;38;39;74;15;7;114;257;43;21;17;34
329014;649;549;541;134;28;31;28;9;6;105;105;29;6;24;36
330001;1320;1075;1062;294;49;51;68;12;11;165;241;46;15;48;62
330002;1154;958;952;226;39;51;70;10;4;121;263;52;15;46;55
330003;1315;1121;1112;241;81;57;77;15;7;120;374;44;12;40;44
330004;1421;1253;1241;387;45;66;80;18;13;139;350;39;11;37;56
330005;5989;4886;4833;1615;171;240;418;60;34;566;1023;253;69;150;234
330006;5371;4122;4082;1354;220;178;362;49;22;525;687;277;73;141;194
330007;1909;1614;1590;499;55;59;104;20;10;234;374;94;19;54;68
330008;2605;2226;2205;545;75;114;148;41;11;313;702;45;31;94;86
330009;5070;3999;3951;1183;296;205;308;67;40;355;929;199;61;141;167
330010;1359;1196;1180;279;40;53;108;12;10;142;309;74;62;38;53
330011;2896;2388;2360;647;137;127;197;23;20;275;603;129;50;59;93
330012;162;142;141;45;3;6;4;1;3;20;37;9;3;7;3
330013;1080;916;903;204;39;48;51;12;1;116;296;34;16;37;49
330014;333;273;272;66;13;6;10;3;0;35;88;23;4;13;11
330015;2188;1769;1757;506;65;72;120;23;9;244;513;70;24;44;67
330016;386;322;319;78;11;14;15;3;3;46;85;19;6;21;18
330017;147;127;125;37;6;3;12;0;0;17;18;17;3;4;8
330018;528;447;441;100;20;23;37;2;6;63;119;19;12;11;29
330019;5537;4132;4063;969;263;219;388;125;37;369;1020;253;108;100;212
330020;4229;3478;3448;983;215;187;270;50;20;307;1007;156;48;78;127
330021;5001;4271;4229;1192;246;220;338;79;20;478;1185;157;79;96;139
330022;6131;4776;4726;1260;415;188;405;74;45;480;1177;300;92;106;184
330024;1022;884;881;179;36;56;42;24;6;109;325;25;18;16;45
330025;2117;1864;1863;493;71;93;132;17;12;261;595;58;20;52;59
330026;440;387;382;96;15;13;24;5;5;40;118;18;8;22;18
336001;4391;3687;3644;880;131;228;389;67;30;456;960;200;46;92;165
336002;5508;4826;4799;1013;249;384;539;110;49;526;1369;178;86;137;159
336003;4461;3681;3639;1003;169;302;367;61;17;395;801;216;53;96;159
336004;3017;2562;2543;627;159;198;259;44;15;297;556;147;55;66;120
340001;4430;3562;3521;990;134;237;248;49;74;544;781;155;58;106;145
340002;1549;1222;1206;334;28;87;78;17;18;203;239;82;16;28;76
340004;1433;1193;1180;319;55;62;75;17;5;146;343;39;21;36;62
340005;4137;3530;3498;930;330;306;370;69;36;230;729;216;106;73;103
340006;3641;3231;3207;779;311;204;398;53;30;194;712;258;110;72;86
340008;3074;2607;2573;666;126;197;210;48;22;286;687;124;48;62;97
340010;4222;3507;3468;868;132;199;276;47;35;524;869;180;63;100;175
350001;3151;2726;2695;659;128;170;239;55;20;284;771;133;60;82;94
350002;1999;1743;1723;425;85;105;138;32;7;203;487;83;47;53;58
350003;1288;1153;1137;248;58;62;130;22;11;139;302;60;20;41;44
350004;1111;978;965;261;44;70;74;20;13;109;256;40;17;32;29
350005;937;831;825;170;66;49;86;27;4;59;247;46;24;17;30
350006;3486;3121;3092;750;277;201;457;55;13;221;591;269;97;81;80
350008;2194;1938;1918;431;91;144;218;39;15;260;462;87;32;62;77
350009;2143;1953;1932;417;152;135;204;44;26;154;547;110;54;39;50
350011;1982;1853;1838;272;275;159;267;52;17;77;475;108;85;26;25
350012;2319;2053;2035;455;153;101;186;40;58;206;552;108;64;56;56
360001;622;502;500;175;25;18;15;4;0;81;127;20;3;15;17
360003;2034;1569;1548;679;28;45;69;10;8;191;307;78;16;38;79
360008;758;594;593;209;24;28;28;5;2;80;145;25;5;15;27
360011;1640;1237;1226;455;32;32;69;19;6;162;272;62;15;31;71
360013;5199;4213;4178;1670;130;162;326;51;25;406;1021;157;54;60;116
360014;45;43;43;11;0;1;2;0;3;4;16;2;3;1;0
360019;2543;1984;1959;712;41;67;110;25;22;228;480;112;20;52;90
360020;6739;4975;4915;2295;106;160;403;27;29;613;683;246;41;113;199
360021;4037;3170;3115;1339;73;129;265;32;27;367;529;127;33;78;116
360026;393;322;321;113;8;9;22;5;2;40;64;21;6;11;20
360027;378;337;332;68;19;11;24;5;3;46;67;42;20;13;14
360028;112;95;92;23;3;9;5;0;1;11;32;6;2;0;0
360029;1916;1477;1455;521;30;56;112;13;11;190;315;74;12;40;81
360035;2092;1663;1638;522;34;64;80;16;12;257;431;106;8;37;71
360036;2909;2224;2202;836;54;96;126;28;15;248;514;99;24;65;97
360037;1324;922;915;372;25;25;80;1;5;141;131;57;11;19;48
370001;3432;2788;2757;751;114;148;217;40;26;396;665;126;56;105;113
370002;800;674;667;197;30;33;34;7;4;85;177;27;20;22;31
370003;1605;1290;1275;365;45;54;91;14;6;200;297;62;34;53;54
370004;1979;1723;1711;522;86;141;133;23;18;125;515;52;17;40;39
370005;725;636;625;159;23;32;37;9;4;82;175;43;11;22;28
370006;1938;1650;1632;502;50;71;121;32;7;219;402;72;25;40;91
370007;1255;1048;1041;283;44;35;70;21;12;118;296;50;28;29;55
370008;3776;3266;3232;1163;123;186;240;62;30;338;767;113;38;67;105
370009;1124;993;977;315;30;58;68;13;5;138;233;32;9;33;43
370010;1271;1065;1051;314;41;58;67;18;0;129;273;47;19;33;52
370011;2447;2132;2111;700;91;75;219;44;22;211;444;129;36;61;79
370012;409;350;344;59;19;22;35;10;1;48;85;17;3;18;27
370013;490;408;407;115;16;14;16;7;6;47;128;13;10;16;19
370014;2532;2107;2078;683;69;126;151;33;17;274;470;84;25;51;95
370020;3688;3127;3108;1112;167;201;222;49;24;221;772;132;49;66;93
370021;3251;2516;2475;740;141;174;227;83;12;185;556;162;52;58;85
370022;4493;3447;3404;1238;176;137;364;72;24;299;540;220;92;86;156
370023;4699;3901;3873;1428;201;219;351;96;29;290;770;212;69;92;116
370024;4992;4169;4132;1662;190;189;358;66;32;381;793;178;73;90;120
370025;2733;2225;2207;816;129;107;224;41;12;210;338;126;51;74;79
370026;2667;2349;2332;743;146;186;199;49;24;164;609;83;34;39;56
370027;4497;3765;3730;1210;193;262;234;72;40;327;1012;117;49;104;110
370028;3672;2829;2795;1179;153;109;251;38;26;275;454;125;37;65;83
370029;669;594;591;191;25;37;47;12;1;72;123;29;10;14;30
370031;1470;1217;1206;329;39;55;96;18;3;128;337;52;28;44;77
370032;2191;1934;1929;633;70;112;120;27;9;217;556;69;25;33;58
376001;3772;2823;2788;936;133;137;281;51;26;305;521;187;60;54;97
376002;3162;2514;2481;871;114;104;257;34;24;281;418;151;63;53;111
376003;2872;2306;2286;853;138;96;176;23;24;302;454;107;32;27;54
376004;3407;2793;2755;991;127;141;192;35;20;366;561;145;42;44;91
376005;2085;1810;1789;587;84;90;166;23;21;221;411;58;28;41;59
376006;1476;1196;1182;401;41;43;103;10;11;202;228;56;18;22;47
376007;2771;2422;2390;848;97;137;174;26;32;325;503;91;46;45;66
376008;2381;1941;1923;751;64;70;103;16;11;269;427;84;26;40;62
376009;1296;1017;1002;288;27;29;63;10;10;131;262;52;16;33;81
376010;2526;2030;2001;686;68;80;160;21;13;295;404;101;27;60;86
376011;1796;1452;1432;460;46;62;89;11;13;235;297;70;25;40;84
376012;2069;1700;1679;615;43;61;108;18;9;280;343;66;22;44;70
376013;4573;3553;3507;1379;85;137;268;33;13;436;786;143;31;83;113
376014;1275;1024;1011;297;23;46;64;12;6;169;236;48;11;49;50
376015;933;733;724;226;21;29;52;12;7;97;188;32;10;11;39
376016;2981;2395;2356;751;94;88;175;23;39;347;491;147;34;43;124
376017;2463;2032;1999;595;78;71;147;30;18;356;401;111;62;48;82
376018;1600;1317;1290;384;34;69;78;17;10;246;317;45;15;30;45
376019;2912;2549;2521;790;86;149;133;23;11;407;679;66;32;55;90
376020;1096;872;859;286;27;35;55;4;8;174;113;55;14;25;63
390001;4307;3478;3428;1104;182;194;361;50;21;287;711;217;100;63;138
390002;3315;2762;2724;902;155;101;309;28;15;289;518;177;92;58;80
390003;2283;1998;1984;555;157;160;188;26;13;157;473;96;60;31;68
390004;2080;1722;1695;559;79;88;179;27;7;166;341;99;37;40;73
390005;929;784;769;183;29;32;62;16;3;82;239;43;22;27;31
390006;2964;2399;2370;623;95;108;203;33;16;344;586;135;49;79;99
390007;1626;1330;1318;452;44;51;97;15;9;157;344;55;12;32;50
390008;4428;3595;3552;1131;251;165;316;37;32;257;826;240;109;70;118
390009;1268;1059;1046;274;53;49;85;13;12;132;216;114;37;20;41
390010;1771;1511;1484;398;113;50;145;15;10;99;329;168;70;31;56
390011;958;833;830;221;56;41;81;10;7;65;162;118;18;19;32
390012;3443;2807;2774;841;212;141;269;30;14;291;599;182;67;62;66
390013;949;805;801;193;44;31;87;12;5;77;197;68;26;23;38
390014;631;558;554;150;38;24;51;4;7;56;119;55;19;9;22
390015;1483;1221;1206;350;40;45;100;6;12;141;284;68;49;40;71
390016;1686;1421;1407;393;214;60;159;13;8;77;251;81;25;48;78
390017;1549;1360;1350;447;52;72;112;20;10;150;322;54;30;32;49
400001;2665;2196;2175;662;69;44;117;25;68;249;547;226;69;48;51
400002;2289;1913;1896;453;61;39;95;29;97;189;501;235;102;37;58
400003;1707;1490;1479;395;98;31;79;15;47;74;401;212;86;15;26
400004;3517;2832;2808;1047;80;29;117;22;93;292;737;197;92;33;69
400005;1317;1112;1100;333;32;17;32;12;44;137;339;72;21;20;41
400006;4161;3296;3272;1055;95;49;107;39;198;411;876;194;92;58;98
400007;2005;1645;1625;484;32;19;52;11;85;238;454;109;53;40;48
400008;11278;9145;9034;3503;328;195;425;83;322;822;2055;654;254;148;245
400009;2215;1860;1838;641;49;30;61;11;79;213;465;143;53;29;64
410001;5315;4509;4450;1456;349;280;281;102;44;342;1045;262;98;72;119
410002;5297;4642;4596;1685;313;301;251;68;59;413;1079;174;88;80;85
410003;3428;3142;3109;709;273;307;207;98;59;222;942;126;63;56;47
410004;2208;1911;1886;611;116;87;85;38;23;190;547;74;39;34;42
410005;1207;1048;1033;277;54;58;63;26;17;119;308;37;19;29;26
410006;2815;2348;2307;768;145;125;134;36;29;230;596;111;47;33;53
410007;1474;1310;1295;313;74;72;80;18;18;135;412;54;38;25;56
410008;2262;1844;1831;549;85;111;103;27;25;193;538;70;26;44;60
410009;2071;1726;1699;528;59;87;106;25;11;200;478;64;42;43;56
410010;1988;1673;1649;508;87;80;110;28;19;179;477;47;26;46;42
410011;1243;1018;1005;309;40;49;51;16;8;134;293;41;12;16;36
411001;60;58;56;20;2;3;6;1;0;1;9;10;2;0;2
420001;5338;4407;4354;1485;178;256;231;41;48;502;1049;218;94;105;147
420002;1298;1119;1102;416;30;43;67;14;14;108;289;50;13;23;35
420003;653;547;538;175;19;23;27;1;13;65;142;32;11;8;22
420004;678;582;572;164;20;29;25;15;8;78;153;28;12;13;27
420005;184;171;170;35;7;16;13;4;2;25;49;9;8;1;1
420007;732;640;636;182;38;30;40;12;8;69;170;37;21;9;20
420008;1984;1734;1710;557;85;80;125;14;21;223;379;122;30;30;44
420009;810;652;644;155;19;34;40;6;7;90;201;36;15;13;28
420010;373;313;311;88;7;17;14;7;8;48;79;13;11;7;12
420011;415;347;343;94;18;10;24;4;6;41;97;16;14;11;8
420012;628;571;567;154;33;32;42;6;6;50;183;26;12;7;16
420013;2557;2124;2107;702;79;132;106;12;12;252;613;79;30;36;54
420014;547;454;444;123;26;24;29;5;4;40;109;33;13;14;24
420015;1271;1144;1135;350;46;91;66;19;21;116;304;50;20;19;33
420016;1467;1265;1236;359;66;63;95;24;19;114;352;49;35;34;26
420017;1834;1631;1611;536;116;85;118;28;21;137;361;98;61;22;28
420018;875;725;713;207;34;49;44;10;12;76;194;28;15;27;17
420019;374;315;310;112;9;9;22;4;3;39;74;7;3;15;13
420020;4543;3899;3850;1201;145;200;240;84;42;491;931;200;80;89;147
420021;2565;2180;2146;665;108;134;122;39;34;205;628;86;34;38;53
420022;531;449;445;110;18;12;22;4;9;60;142;22;10;14;22
420023;617;544;537;155;35;36;33;9;4;48;122;37;20;23;15
420024;575;486;479;127;20;23;19;3;5;79;146;11;12;14;20
430001;1228;1082;1069;300;47;42;53;23;9;162;312;50;14;24;33
430002;1070;843;831;220;45;49;46;2;5;90;241;52;31;8;42
430003;1536;1305;1291;354;50;55;72;13;9;156;429;61;14;31;47
430004;808;656;650;140;24;39;51;12;7;68;219;43;14;17;16
430005;84;77;77;16;7;8;4;0;2;5;14;17;3;0;1
430007;6437;5345;5283;1692;269;322;353;67;50;508;1318;328;149;115;112
430008;1545;1352;1333;385;63;73;72;11;12;136;420;81;35;18;27
430009;1552;1269;1249;349;63;50;88;14;22;160;321;79;38;28;37
430010;81;64;62;13;2;5;5;0;0;5;29;2;1;0;0
430011;1674;1452;1438;369;91;85;91;11;11;168;418;78;38;27;51
430012;1370;1155;1144;339;41;35;72;15;11;120;303;113;28;29;38
430013;1098;928;918;237;34;50;47;6;8;132;301;49;21;13;20
430014;1080;871;860;177;33;45;48;11;9;110;301;45;32;19;30
430015;5890;4959;4903;1486;324;272;317;70;49;457;1331;238;135;102;122
430016;842;705;700;201;47;25;46;14;11;80;157;59;18;14;28
430017;1591;1301;1288;381;63;73;78;10;23;156;340;69;33;17;45
430018;1806;1424;1403;433;66;51;92;21;15;172;367;66;33;42;45
430019;1778;1543;1523;520;82;68;101;27;23;165;319;102;41;32;43
430020;2774;2424;2391;683;140;162;168;35;33;230;673;100;62;42;63
430021;1454;1256;1243;375;99;71;61;22;14;143;326;52;19;18;43
430022;3372;3002;2969;997;209;164;192;56;47;248;711;142;95;43;65
440001;1620;1423;1404;431;70;90;102;15;21;137;299;119;44;21;55
440002;5214;4544;4499;1480;248;465;268;68;43;437;1020;209;75;79;107
440004;1716;1513;1500;470;71;152;94;25;12;162;305;107;38;20;44
440005;1573;1357;1343;415;53;97;62;21;26;181;330;58;15;37;48
440006;3398;2886;2847;986;120;258;122;47;31;304;727;75;46;51;80
440007;4533;3729;3674;1640;147;182;191;42;39;373;575;205;45;89;146
450001;1329;1152;1142;336;46;64;72;28;12;126;302;57;27;32;40
450002;7052;5740;5655;2138;342;296;353;87;40;501;1149;388;129;113;119
450003;5146;4395;4339;1507;261;266;281;62;41;330;1004;298;118;76;95
450004;1788;1530;1515;500;69;80;92;12;18;138;401;79;49;39;38
450005;817;682;675;170;28;28;36;5;4;78;211;54;12;21;28
450006;2273;1923;1900;804;61;81;69;33;11;213;458;51;25;43;51
450007;386;339;335;106;11;19;16;4;0;43;98;15;2;10;11
450008;460;406;404;154;22;14;9;6;4;53;106;14;2;8;12
450009;713;627;621;186;35;35;33;6;4;71;156;29;15;27;24
450010;1456;1211;1196;352;29;59;43;18;11;127;443;32;19;31;32
450011;1083;961;944;265;41;41;46;17;11;99;288;54;16;27;39
450012;964;811;799;234;35;36;45;9;7;87;248;33;13;25;27
450013;892;764;754;212;24;44;33;13;4;91;241;34;16;15;27
461001;9674;7908;7770;1652;995;398;727;296;72;319;1501;927;516;121;246
461002;8441;7101;7010;2102;744;291;662;204;62;450;1175;675;351;111;183
461003;3095;2492;2450;742;276;93;223;70;23;143;367;271;128;36;78
461004;7883;6678;6561;1501;854;410;535;272;69;305;1425;586;346;89;169
461005;5644;4379;4299;1335;597;173;340;80;47;300;585;455;162;76;149
461006;2189;1944;1921;755;90;122;86;26;12;209;416;77;26;46;56
461007;4551;3778;3733;1322;368;167;252;45;28;385;638;248;86;64;130
461009;2602;2170;2128;682;132;122;175;35;21;195;453;114;71;46;82
461011;9561;8102;7978;1555;1099;494;734;359;90;270;1612;907;534;109;215
461012;7461;5802;5713;2050;418;246;531;125;50;458;748;564;213;107;203
461013;897;772;763;214;39;33;64;11;8;97;206;28;16;17;30
461014;4933;4257;4203;1571;155;272;264;55;32;451;904;213;85;77;124
461016;3119;2689;2658;912;110;192;174;48;29;268;613;123;47;59;83
461017;4929;4288;4234;1522;255;291;334;64;52;369;822;233;96;82;114
461018;4481;3998;3943;1288;268;312;293;65;37;340;943;199;81;44;73
461019;3738;3190;3141;995;172;246;217;67;26;269;829;141;70;49;60
461020;3523;3079;3030;1072;143;185;171;41;31;323;746;126;50;58;84
461021;2254;1894;1879;498;111;147;112;44;43;225;458;96;41;43;61
461023;10236;8759;8643;1759;1161;662;730;336;80;338;1884;874;499;139;181
461024;4183;3831;3791;626;487;511;249;144;39;132;1166;206;98;71;62
461025;6593;5528;5449;1493;652;315;497;158;79;334;987;486;232;95;121
461026;8303;7232;7162;2199;521;535;486;103;90;606;1826;382;174;105;135
461028;3996;3527;3493;879;211;324;166;76;128;294;1101;127;41;75;71
461029;4812;4217;4162;1044;528;358;290;108;53;234;1041;235;122;73;76
461030;6790;5835;5766;1795;476;405;404;109;57;476;1247;357;187;112;141
461031;2625;2335;2306;583;187;242;180;41;32;156;598;125;77;43;42
461032;729;641;633;140;42;37;39;15;8;64;199;30;18;14;27
461033;3990;3538;3490;1100;245;238;232;72;38;337;766;190;125;67;80
461035;5767;4062;3999;995;1343;67;196;12;44;236;247;644;97;47;71
461036;3647;2962;2908;929;247;163;268;51;39;203;452;294;118;46;98
479001;11438;9312;9152;2781;703;518;646;180;69;621;1653;1128;419;171;263
479002;2672;2131;2095;787;89;73;164;34;26;200;309;243;67;41;62
479003;5145;4201;4142;1454;288;175;334;55;51;343;654;452;158;71;107
479005;3186;2855;2830;737;215;276;147;62;31;224;762;185;96;49;46
479006;66;60;59;18;4;4;3;5;2;2;15;0;5;1;0
479007;1963;1807;1792;475;141;153;111;33;12;123;459;156;67;22;40
479008;1657;1411;1397;390;62;70;78;16;14;154;370;106;46;37;54
479009;2065;1821;1791;540;127;76;112;26;17;165;429;147;74;42;36
479010;2825;2582;2555;689;215;221;148;34;41;190;705;152;86;40;34
479011;2231;1895;1877;780;60;74;99;14;22;222;396;101;34;39;36
479014;1042;911;899;288;34;34;57;15;11;109;198;67;28;21;37
479016;1657;1468;1448;299;104;57;103;23;9;83;306;231;184;23;26
479017;1976;1678;1656;552;62;88;92;17;16;199;370;118;43;31;68
479019;2161;1882;1867;457;123;87;133;21;18;167;415;233;132;30;51
479021;948;824;818;233;30;47;59;12;8;78;230;51;19;25;26
479023;1205;1024;1007;323;42;45;57;21;12;114;274;49;12;28;30
479025;1129;927;916;248;31;55;65;7;9;124;241;62;24;24;26
479027;1412;1216;1205;307;102;54;91;10;18;115;267;115;68;23;35
480001;3295;2763;2721;949;81;189;136;25;26;307;749;100;42;45;72
480002;717;598;590;161;23;37;27;3;9;68;178;30;13;13;28
480003;1257;1029;1017;321;44;60;49;14;13;129;277;34;17;24;35
480004;963;803;794;233;15;42;36;7;8;108;254;32;14;16;29
480005;1610;1358;1344;427;43;50;66;10;14;157;408;52;19;40;58
480006;3957;3342;3308;1136;103;164;150;51;32;431;941;97;39;77;87
480007;961;793;784;213;14;45;36;12;3;104;254;32;10;29;32
480008;957;832;826;232;29;41;62;13;8;107;209;48;15;31;31
480009;1057;918;902;288;29;46;95;17;10;105;216;37;14;18;27
480010;966;829;819;243;25;30;58;19;7;104;231;35;9;18;40
480011;2084;1906;1891;490;126;170;135;40;24;144;594;57;40;29;42
480012;1143;947;939;299;35;52;57;12;6;99;281;26;8;21;43
480013;3267;2703;2667;940;86;165;149;40;15;264;762;82;25;72;67
482001;766;610;603;185;18;36;30;2;3;91;174;29;13;9;13
482002;1325;1084;1069;323;40;57;61;13;9;120;306;73;22;22;23
482003;917;722;718;219;20;42;44;2;4;76;209;53;17;17;15
482005;4158;3406;3368;1329;143;275;230;18;18;309;641;190;78;50;87
482006;139;126;126;27;9;5;8;3;3;8;16;32;11;2;2
482007;1427;1170;1163;395;37;91;47;11;19;124;297;65;29;13;35
482008;504;425;420;120;22;35;21;1;8;38;92;44;18;9;12
482010;893;748;740;191;35;50;47;3;9;88;191;52;19;22;33
492001;2312;1907;1883;505;69;268;129;15;33;219;343;174;52;32;44
492002;1707;1439;1429;367;87;75;61;10;14;108;498;125;44;17;23
492003;876;714;708;158;39;37;38;4;5;84;224;70;36;8;5
510001;2248;1785;1756;476;53;73;78;24;54;233;552;47;15;89;62
510002;662;534;531;115;20;18;18;15;19;86;159;14;6;40;21
510003;215;169;166;33;8;5;10;2;3;31;48;5;3;16;2
510004;297;255;251;37;9;5;11;5;4;35;98;13;2;26;6
510005;2632;2246;2212;565;170;121;139;59;55;173;631;109;46;85;59
510006;2223;1778;1752;570;125;68;85;25;64;270;326;79;24;80;36
510007;3270;2548;2515;643;155;153;148;58;41;255;557;195;80;130;100
510008;3195;2742;2706;689;192;150;193;49;90;264;740;148;33;112;46
510009;1062;872;864;211;33;28;34;15;33;125;301;12;4;52;16
510010;2450;2000;1973;639;125;97;115;35;45;195;412;144;48;66;52
510011;1963;1651;1626;444;142;109;64;31;53;155;408;123;21;48;28
510012;402;347;338;76;14;7;14;10;15;63;97;13;5;16;8
510013;938;769;759;183;36;29;40;7;34;95;225;26;11;41;32
510014;2064;1838;1818;520;67;119;82;27;33;215;548;75;22;77;33
510015;564;501;491;107;31;15;32;6;19;81;124;18;8;34;16
510016;372;326;322;65;13;11;10;6;9;41;132;11;2;16;6
510017;323;281;276;61;12;14;11;10;3;26;82;17;7;17;16
510018;1266;1111;1094;266;70;56;74;23;27;139;290;64;16;50;19
510019;1105;959;945;254;35;37;45;17;12;124;300;27;18;47;29
510020;140;121;121;28;2;5;1;1;3;24;44;6;2;5;0
510021;667;585;578;166;23;23;22;8;12;89;165;17;7;32;14
510022;528;458;451;114;10;18;19;10;12;51;158;19;8;23;9
510024;968;827;823;198;32;47;27;23;16;101;264;29;9;49;28
510025;983;794;778;193;23;15;32;19;50;116;214;21;8;63;24
510026;2736;2281;2252;800;62;81;79;26;23;333;567;59;13;147;62
510028;2500;1979;1953;674;56;70;93;32;23;251;548;50;19;103;34
510029;762;647;641;180;12;17;16;8;20;95;191;20;7;49;26
510030;1122;992;976;287;43;47;22;21;14;104;330;29;12;42;25
510031;382;322;320;94;8;12;8;4;6;35;101;16;3;24;9
510032;551;476;472;100;16;9;13;13;26;56;174;6;4;36;19
510033;883;743;737;138;22;18;18;10;9;104;307;20;13;53;25
510034;448;373;370;73;13;14;13;10;5;52;135;11;5;24;15
510035;618;525;516;122;14;23;16;6;12;73;163;31;4;36;16
510036;1002;803;788;236;14;20;32;12;8;123;220;21;10;58;34
530001;4700;4065;4025;860;281;240;121;95;94;556;1438;100;58;111;71
530002;1732;1441;1428;368;57;49;59;26;30;251;447;27;12;51;51
530003;1571;1339;1312;333;49;42;57;18;61;200;417;48;13;46;28
530004;764;647;637;100;24;22;14;17;24;111;282;10;7;19;7
530005;684;603;597;130;24;11;20;8;13;84;247;9;12;23;16
530006;7921;6474;6396;1668;279;209;183;106;273;896;2227;161;60;195;139
530007;1504;1235;1224;229;43;30;28;20;40;230;507;17;5;53;22
540001;4339;3473;3428;1138;130;133;122;34;34;558;872;90;33;181;103
540002;2033;1632;1605;605;55;42;73;21;12;231;367;42;14;76;67
540003;2724;2281;2241;799;57;66;64;20;13;337;621;42;20;131;71
540004;1892;1581;1557;433;52;57;62;12;24;222;441;52;25;119;58
540005;2942;2449;2416;771;114;96;94;38;29;350;652;58;25;119;70
540006;2501;2207;2188;564;126;146;93;27;38;186;791;60;18;91;48
540007;1882;1552;1534;425;60;46;66;15;18;177;511;67;11;80;58
540008;397;345;340;85;30;10;16;2;5;40;96;25;6;19;6
540009;6323;5228;5170;1629;392;234;214;93;65;619;1305;203;67;219;130
540010;5562;4450;4392;1437;317;204;236;87;44;490;991;192;81;169;144
540011;5745;4595;4526;1148;376;235;274;129;41;384;1265;218;133;167;156
540012;4526;4006;3954;1022;296;242;177;80;55;379;1300;113;66;135;89
540013;2390;2095;2070;607;79;99;65;33;37;240;647;34;33;152;44
540014;1352;1142;1125;287;45;39;34;32;29;129;358;45;14;81;32
540015;3451;2953;2914;895;128;141;110;50;43;389;823;62;52;150;71
540016;6001;4924;4877;1496;301;235;180;61;80;662;1334;128;68;211;121
540017;664;553;541;129;14;24;17;5;7;118;147;9;5;51;15
550001;1402;1136;1105;285;35;52;37;24;14;166;389;20;7;47;29
550002;529;428;422;91;12;13;18;12;18;47;157;23;4;19;8
550003;412;335;330;96;6;8;18;4;3;46;122;6;0;15;6
550004;1302;1057;1037;289;46;42;56;12;16;142;303;40;18;51;22
550007;409;332;328;62;8;23;18;7;6;33;131;11;3;13;13
550008;852;751;742;212;25;42;46;15;3;84;230;29;9;32;15
550012;2499;2008;1985;440;91;62;84;33;105;275;706;36;18;104;31
550014;992;787;777;146;17;27;34;14;26;108;285;20;13;53;34
550015;569;464;453;88;8;14;18;4;53;62;148;11;2;28;17
550016;662;534;521;85;11;11;12;11;19;108;199;14;4;25;22
550017;1510;1251;1235;216;36;42;48;16;104;169;467;25;7;60;45
550018;531;466;457;92;14;18;11;8;4;89;176;13;6;20;6
550019;407;336;328;81;13;7;12;4;19;53;108;7;0;15;9
550021;478;377;370;97;7;14;18;9;4;43;128;9;3;23;15
550023;3026;2471;2428;623;70;103;61;38;79;308;888;52;20;124;62
550024;755;601;592;118;19;29;33;12;13;84;197;17;12;38;20
550025;6111;4847;4784;1355;255;260;488;83;75;447;1278;220;76;133;114
550027;809;670;660;161;19;23;36;8;13;119;215;8;7;25;26
550029;712;592;588;136;20;36;49;5;22;81;168;25;14;22;10
550051;418;338;335;65;24;22;19;4;4;41;111;14;6;17;8
550061;2827;2264;2235;604;53;113;68;43;39;343;734;54;13;120;51
550071;478;399;393;71;10;11;17;10;15;41;178;12;3;15;10
561002;10273;7968;7827;1947;526;476;491;288;89;619;1994;602;225;283;287
561003;2220;1649;1621;627;62;57;111;32;16;182;283;125;24;53;49
561004;3483;2807;2772;918;160;105;196;50;32;328;508;215;59;104;97
561005;4647;3543;3493;1187;290;84;212;48;61;453;511;319;65;146;117
561006;4775;3877;3822;1203;247;198;260;73;55;345;785;311;95;140;110
561007;3573;2784;2746;1000;166;73;201;40;28;368;381;217;56;120;96
561008;1588;1388;1370;332;67;74;52;24;28;194;418;49;21;69;42
561011;3129;2643;2620;711;167;155;161;54;38;268;769;116;31;101;49
561012;2493;2140;2117;537;120;113;105;31;24;282;672;62;32;89;50
561015;5371;4586;4536;1386;210;229;215;85;100;582;1216;186;57;181;89
561016;5773;5029;4994;1155;279;405;189;146;57;435;1788;138;48;234;120
561017;1073;948;943;237;43;46;39;21;23;103;296;33;12;61;29
561020;2561;2221;2206;599;118;104;126;44;34;273;641;88;45;78;56
561021;2755;2024;1999;711;140;55;108;29;43;235;359;145;26;78;70
561022;2488;2012;1994;590;65;84;82;29;39;286;542;74;23;119;61
561023;2898;2465;2423;930;78;90;133;32;43;306;500;112;25;97;77
561024;2841;2477;2453;702;128;127;116;50;56;291;694;96;30;91;72
561025;7899;6589;6489;1836;242;335;297;130;142;815;1921;223;94;281;173
561028;8640;7294;7217;2039;434;396;553;155;93;698;1859;467;163;208;152
561032;1478;1273;1257;326;49;29;86;24;35;148;363;67;45;59;26
561033;2040;1700;1666;421;57;90;74;27;32;246;542;40;22;71;44
561035;29;23;21;6;1;0;2;0;1;1;5;1;1;0;3
561038;1161;940;930;216;31;26;45;22;18;121;338;38;11;37;27
561040;2705;2194;2166;507;78;80;84;37;42;351;748;62;19;97;61
563001;2359;2080;2061;505;157;169;170;31;23;184;463;209;72;33;45
563002;276;252;250;70;15;17;19;3;2;17;49;32;21;2;3
573001;10780;8740;8639;2311;459;443;409;258;128;1104;2570;285;119;315;238
573004;849;761;756;158;39;35;38;17;19;88;271;30;17;21;23
573005;581;521;516;102;31;23;26;26;7;71;165;16;3;29;17
573006;635;540;536;100;26;22;20;16;12;67;221;15;5;16;16
573007;1133;995;983;224;39;35;38;29;14;139;351;29;13;52;20
573008;801;700;695;162;24;18;16;14;15;102;276;12;6;29;21
573009;962;832;820;166;46;31;37;16;25;108;303;25;11;38;14
573010;938;769;763;132;35;29;33;34;20;119;279;14;11;28;29
573013;1709;1428;1411;309;57;62;50;29;27;225;490;54;24;40;44
573014;588;509;501;81;26;39;16;19;26;46;186;17;13;15;17
573015;1136;965;948;193;35;42;43;35;45;121;341;28;12;35;18
573018;2791;2394;2358;608;113;132;114;68;38;341;667;65;32;122;58
573019;463;395;392;80;19;40;15;15;7;61;113;5;6;18;13
573022;873;771;759;143;32;21;37;7;16;113;300;19;9;32;30
573023;1216;1048;1043;199;45;33;35;14;36;146;443;25;14;31;22
573024;465;402;398;57;15;18;8;7;3;58;186;10;5;18;13
573026;1057;919;909;183;26;32;17;13;24;100;429;21;8;30;26
573027;786;630;621;96;26;25;18;11;28;77;286;8;4;25;17
573028;1012;863;851;173;37;30;24;12;17;122;357;23;12;27;17
573030;4378;3699;3667;752;140;140;106;61;296;476;1337;103;18;145;93
573031;1507;1294;1269;266;37;50;29;41;30;176;504;30;17;50;39
573032;1346;1103;1096;250;48;29;51;29;48;142;368;33;15;49;34
573033;583;519;513;68;18;14;18;18;23;48;241;21;6;26;12
575001;4051;3410;3372;1058;111;144;121;77;55;406;1049;97;28;146;80
575002;613;513;510;124;16;18;19;10;5;86;177;10;6;27;12
575003;2635;2129;2100;563;67;95;86;38;37;302;636;78;22;116;60
575004;842;720;709;139;16;19;31;12;17;131;275;11;5;43;10
575005;922;758;751;146;29;25;16;18;13;109;308;17;8;42;20
575006;422;350;347;77;12;17;18;12;5;44;134;10;2;12;4
575007;2611;2150;2116;463;73;162;74;36;80;270;684;64;27;137;46
575008;679;570;562;95;19;25;19;7;18;73;204;32;8;48;14
575009;1915;1621;1596;422;67;69;57;31;30;192;524;43;19;101;41
575010;525;458;454;90;20;29;10;11;8;49;188;7;5;29;8
575011;1310;1086;1071;279;32;36;28;15;13;149;370;31;9;72;37
575012;345;304;303;46;12;16;9;17;8;37;123;9;6;13;7
575013;578;484;479;89;13;23;22;11;14;66;144;24;6;52;15
575014;6638;5401;5339;1771;244;312;223;88;61;663;1417;196;48;201;115
575015;524;464;460;76;24;18;22;13;4;72;181;13;8;17;12
575016;2360;2135;2117;470;152;139;105;70;34;179;748;69;53;61;37
575017;1083;946;940;230;42;53;58;15;32;111;262;30;20;60;27
575018;1124;975;971;267;43;49;44;24;15;121;262;37;13;64;32
575019;1514;1262;1251;263;51;49;67;32;25;222;363;47;13;78;41
580001;631;536;526;122;14;5;17;11;10;110;164;16;2;37;18
580002;647;539;536;119;15;15;14;4;20;75;212;14;9;24;15
580003;5189;4297;4250;1235;179;145;141;64;99;646;1327;89;34;173;118
580004;3338;2843;2815;707;139;124;149;43;35;364;942;104;37;115;56
580005;1413;1220;1215;315;37;27;32;11;68;251;330;42;7;59;36
580006;663;540;529;94;15;17;15;14;7;81;233;11;3;23;16
580007;1619;1304;1288;311;44;43;36;11;33;215;454;29;5;63;44
580008;1742;1494;1476;330;80;79;72;32;24;201;484;53;14;76;31
580009;1607;1341;1327;299;44;57;59;18;13;198;475;20;15;88;41
580010;908;759;750;180;32;16;29;5;12;105;284;23;14;36;14
580011;1829;1437;1412;289;44;55;33;15;90;266;456;33;16;66;49
580012;2503;1938;1918;507;68;54;74;23;35;271;669;54;8;105;50
580013;1634;1337;1325;310;34;41;42;21;10;224;468;30;10;103;32
580014;2893;2376;2351;488;107;156;82;51;22;414;772;53;21;112;73
580015;3509;2757;2721;691;122;99;89;23;28;477;867;71;24;133;97
580016;7180;5856;5789;1520;424;298;322;123;108;676;1532;293;112;232;149
580017;2974;2469;2442;808;143;95;139;27;40;302;637;87;36;79;49
580018;2116;1685;1667;533;114;77;104;29;24;200;360;70;34;69;53
607001;10803;8631;8481;2919;436;437;585;163;171;1044;1433;548;162;294;289
607002;1126;977;969;252;59;52;47;17;43;115;248;41;16;51;28
607003;7253;6386;6323;1758;356;444;317;137;110;791;1747;230;92;193;148
607004;599;524;515;110;29;26;31;18;9;82;129;14;12;29;26
607005;4013;3520;3481;853;235;249;166;69;78;453;1023;97;50;137;71
607006;7843;6179;6083;2150;375;285;305;87;85;824;1133;375;101;211;152
607007;1471;1314;1304;341;77;101;61;24;12;151;380;52;24;47;34
607008;4922;3705;3634;1049;218;180;250;102;48;431;582;334;131;143;166
615001;4657;3557;3512;1270;211;139;229;88;39;438;510;281;75;88;144
615002;4673;3521;3449;1177;198;137;266;100;36;401;502;284;88;90;170
615003;7339;5566;5485;1446;399;333;426;247;84;498;1131;381;145;156;239
615004;146;137;136;52;11;8;6;2;3;12;30;10;1;0;1
615005;4304;3421;3376;1037;269;180;292;107;56;376;493;278;81;72;135
615006;7131;6193;6137;1946;391;370;350;144;92;799;1407;265;92;131;150
615007;4220;3710;3662;1087;225;213;254;114;65;469;896;116;41;82;100
615008;2341;2087;2071;527;164;141;122;86;36;245;595;41;21;40;53
615009;2197;1918;1899;505;145;108;113;68;32;226;505;60;35;37;65
615010;2362;2069;2052;583;138;126;127;67;42;227;507;75;51;46;63
615011;4832;4426;4400;823;350;518;197;218;93;376;1460;139;66;90;70
615012;2888;2607;2579;701;173;182;158;69;39;289;730;84;41;54;59
615013;3512;2932;2898;716;139;190;155;64;68;398;916;88;37;69;58
615014;1334;1162;1149;235;85;72;71;30;42;151;330;46;17;31;39
615015;836;717;712;154;41;46;54;23;13;86;168;42;39;15;31
615016;2570;2204;2181;525;132;119;139;50;33;293;651;69;40;66;64
615017;2006;1781;1758;441;111;117;125;35;31;214;418;89;78;56;43
615018;2543;2194;2169;588;126;109;135;66;36;246;556;99;60;79;69
615019;1348;1176;1169;298;82;56;85;19;19;118;330;85;20;20;37
615020;545;497;489;100;53;13;39;13;10;65;121;32;24;9;10
615021;1281;914;891;297;166;20;61;26;14;62;83;88;17;17;40
615022;385;349;341;93;18;11;7;11;7;53;98;20;6;5;12
621001;5659;4535;4460;891;418;305;372;161;65;322;1075;353;199;173;126
621002;3615;2703;2662;686;445;109;204;53;35;255;409;240;68;75;83
621003;4177;3378;3350;952;357;138;239;65;52;395;693;197;62;120;80
621004;6199;5612;5563;956;499;584;283;180;92;441;1981;138;100;184;125
621005;3998;3535;3501;821;261;213;214;83;40;384;1157;91;51;131;55
621006;3622;3190;3157;697;202;224;143;90;52;362;1068;73;36;146;64
621007;4199;3622;3588;807;172;212;191;80;115;457;1108;130;66;161;89
621008;4775;3652;3598;970;270;143;292;115;62;484;647;240;107;145;123
621009;6550;5417;5356;1233;470;287;459;216;136;558;1162;317;175;190;153
621010;4493;3974;3933;996;240;205;280;101;229;476;1006;113;70;139;78
621011;3387;3047;3020;635;237;240;140;102;50;268;1096;58;44;105;45
621012;3396;2980;2962;607;212;231;256;68;34;340;779;152;87;122;74
621013;2306;2025;2002;527;109;103;110;56;34;261;587;57;28;93;37
621014;5493;4588;4540;1184;192;246;206;82;116;606;1384;107;58;229;130
621015;5128;4320;4288;1017;197;184;225;93;128;597;1280;137;51;271;108
630001;2403;1983;1953;535;157;139;145;33;49;206;462;85;42;56;44
630002;4675;4013;3961;1064;270;207;269;105;147;463;1013;142;68;140;73
630003;1592;1431;1420;419;64;77;71;29;81;206;364;35;16;34;24
630004;1677;1421;1400;299;50;68;53;27;47;238;427;50;26;80;35
630005;1430;1305;1288;301;75;67;64;15;30;201;413;29;14;39;40
630006;2712;2291;2267;466;141;106;99;52;47;300;829;66;25;89;47
630007;730;667;663;158;45;22;23;22;16;138;179;24;5;21;10
630008;1476;1305;1288;305;78;46;82;27;30;175;395;45;23;47;35
630009;11270;8600;8467;2232;741;440;600;303;164;850;1834;514;245;264;280
630010;936;841;823;185;49;39;52;22;19;103;253;23;15;40;23
630011;3531;3142;3112;716;225;231;140;81;59;338;1083;82;37;70;50
630012;2681;2422;2405;431;275;215;131;92;27;197;797;96;67;50;27
630013;2271;1912;1883;549;281;64;122;21;50;206;321;143;36;42;48
630014;2068;1738;1720;567;162;77;144;27;23;202;303;91;37;52;35
630015;3557;2864;2809;775;219;173;178;85;52;308;609;181;61;102;66
630016;1775;1664;1649;357;143;115;90;33;49;168;532;59;31;41;31
630017;4445;3747;3715;788;157;212;118;58;120;808;1129;68;58;106;93
630018;1724;1480;1469;254;69;83;62;31;66;427;324;45;38;46;24
630019;957;816;808;163;49;38;46;16;19;178;228;20;14;18;19
630020;861;749;743;159;30;20;26;24;14;162;224;32;9;21;22
630021;751;655;647;114;25;38;18;18;35;120;212;15;7;31;14
630022;365;338;333;48;20;15;11;16;9;40;133;15;2;13;11
630023;1226;1019;1006;197;37;45;48;22;27;231;276;26;25;38;34
630024;3200;2850;2814;633;288;149;305;58;69;215;729;156;86;66;60
630025;1298;1108;1092;200;60;46;75;14;57;173;313;57;23;33;41
630026;1123;998;995;248;79;57;51;27;53;96;283;32;26;21;22
630027;1634;1449;1424;331;85;66;61;35;26;205;469;35;23;49;39
630028;1236;1101;1086;189;55;41;41;24;19;158;426;48;32;35;18
630029;1117;986;967;220;64;56;41;17;25;150;271;32;18;38;35
630030;4669;3841;3809;907;640;186;282;73;157;365;745;238;75;77;64
630031;1345;1193;1177;219;131;82;54;56;34;98;396;24;18;45;20
630032;6294;5696;5655;1142;515;591;263;189;135;507;1856;147;88;136;86
630033;1882;1607;1588;366;180;82;141;43;43;159;325;106;43;40;60
630034;3136;2740;2723;728;237;139;190;65;77;290;688;113;62;87;47
657001;19385;15950;15769;3595;1189;1375;956;682;721;1051;4556;604;364;296;380
657002;997;817;809;200;22;38;33;12;37;109;273;16;14;25;30
657005;2470;2122;2109;439;111;165;71;48;179;214;727;34;25;44;52
657006;739;606;596;145;21;35;33;17;42;82;148;24;10;12;27
657007;4532;4161;4125;856;242;398;207;124;206;243;1611;71;40;55;72
657008;1718;1438;1430;345;50;89;54;18;113;161;500;36;20;20;24
657009;703;623;619;91;36;30;15;14;67;81;234;14;10;15;12
657011;583;514;506;105;32;33;12;19;31;61;168;15;5;11;14
657013;3070;2699;2667;506;78;210;98;57;392;224;923;56;24;37;62
657014;579;477;470;85;13;26;15;12;21;61;192;12;6;12;15
657015;1286;1057;1047;273;89;52;85;32;61;61;224;80;30;19;41
657016;842;749;745;143;35;66;28;7;41;77;287;13;4;21;23
657017;6329;5543;5504;1044;382;524;258;201;391;353;1898;147;109;96;101
657018;524;470;463;94;8;27;16;8;38;55;193;10;5;3;6
657019;682;577;572;135;28;37;19;16;24;70;192;15;11;17;8
657020;345;269;267;38;11;26;13;6;5;43;97;9;4;7;8
657021;662;584;581;111;24;34;33;18;55;56;206;15;8;8;13
657022;707;650;648;142;17;32;36;5;93;71;192;21;6;17;16
657023;3760;3389;3366;734;184;260;201;94;220;258;1197;60;21;58;79
657024;3503;3081;3041;667;128;296;115;71;127;262;1186;70;21;61;37
657025;944;788;780;129;23;57;29;20;116;83;261;22;6;17;17
657026;4326;3820;3798;821;225;491;219;65;320;241;1167;87;39;69;54
657027;3245;2842;2815;595;104;205;125;43;259;249;1048;55;33;47;52
657028;376;333;332;81;14;16;18;11;15;36;119;7;3;5;7
657029;1232;1098;1095;207;35;50;34;17;188;99;412;18;6;13;16
657030;811;711;706;132;26;47;30;20;43;108;255;10;3;18;14
661001;14130;11961;11834;3276;677;865;871;353;488;850;3341;479;210;182;242
661002;3609;3346;3326;859;161;201;215;79;129;212;1259;81;34;45;51
661003;1651;1436;1425;362;54;62;67;48;48;105;562;25;25;17;50
661004;3279;2954;2937;722;138;227;184;102;108;180;1097;64;46;40;29
661005;9961;8459;8370;2721;507;514;563;170;472;665;1967;413;113;115;150
661006;4206;3578;3551;1027;148;212;143;61;162;393;1145;65;34;67;94
661007;1450;1272;1263;255;47;79;70;40;109;106;464;36;19;15;23
661008;2468;2059;2039;478;51;145;215;25;52;199;724;49;14;34;53
661009;1479;1245;1233;320;29;78;67;18;33;144;437;28;11;36;32
661010;869;730;726;176;24;44;52;11;22;91;255;19;6;12;14
665001;5298;4468;4412;1120;258;473;291;87;183;347;1340;92;61;67;93
665002;1859;1626;1610;367;116;121;119;26;98;142;506;44;25;20;26
665003;1631;1428;1416;325;68;123;87;17;45;117;537;46;11;14;26
665004;1485;1287;1276;314;63;91;79;16;51;117;426;55;22;21;21
665005;1033;837;826;143;33;56;44;16;29;81;356;22;12;12;22
665006;1041;906;898;137;27;209;44;14;46;77;278;14;6;19;27
665007;1564;1229;1218;265;24;72;34;16;46;131;533;23;5;32;37
665008;1355;1168;1162;307;20;67;47;13;125;96;428;19;5;11;24
671001;6242;5076;5017;1706;252;345;353;107;118;417;1257;198;61;94;109
671002;1658;1433;1416;473;55;101;90;39;28;127;372;41;29;20;41
671003;1247;1109;1097;265;44;77;45;18;64;97;397;28;14;26;22
671004;1353;1180;1165;379;37;77;78;13;39;91;362;34;15;14;26
671005;1483;1330;1322;384;76;104;91;26;40;75;444;30;17;13;22
671006;1592;1391;1382;280;47;76;74;32;137;135;506;22;25;21;27
671007;2404;2022;2001;553;78;173;100;31;120;190;588;65;20;40;43
706001;7086;5918;5871;1568;375;407;410;87;92;551;1625;328;185;110;133
706002;3018;2626;2602;619;167;126;223;28;31;288;660;235;111;47;67
706003;1705;1405;1390;386;63;44;123;28;20;166;329;119;38;22;52
706004;2632;2151;2126;598;85;94;183;58;21;250;576;115;36;48;62
706005;3578;2920;2893;880;180;124;179;68;40;313;717;139;71;88;94
706006;5683;4911;4867;1438;387;249;379;121;77;411;1238;259;117;96;95
706007;2705;2292;2257;631;126;71;174;54;43;236;571;112;80;68;91
706008;6033;5219;5160;1270;436;330;392;100;105;411;1337;330;240;94;115
707001;7721;6147;6089;2021;202;232;462;166;93;617;1595;255;125;143;178
707002;114;94;93;20;6;9;8;2;0;14;11;17;5;0;1
707003;1959;1630;1610;475;50;39;93;41;19;247;411;96;33;53;53
707004;5294;4127;4072;1534;154;132;280;75;49;484;891;155;63;123;132
707005;3083;2556;2534;685;106;108;196;34;80;283;635;188;72;62;85
707006;1668;1328;1314;354;37;58;106;27;25;128;407;66;29;38;39
707007;2492;1970;1951;629;61;58;105;78;38;232;480;124;22;60;64
707008;1904;1529;1512;580;63;40;96;68;28;177;315;53;11;28;53
707009;3148;2618;2592;794;73;98;142;294;40;298;630;92;26;50;55
707010;1415;1172;1156;404;59;33;79;41;30;107;272;61;24;24;22
710001;4104;3542;3499;952;265;205;218;87;65;314;1013;156;100;47;77
710002;2787;2413;2397;719;170;167;145;55;41;185;689;91;39;40;56
710003;1554;1383;1370;354;96;78;76;35;33;123;423;47;32;39;34
710004;5620;4865;4806;1547;279;348;273;73;56;475;1286;183;81;93;112
710005;1512;1348;1336;346;88;68;102;31;20;156;351;65;25;30;54
710006;3386;3020;3000;807;307;221;236;71;60;195;729;184;89;47;54
710007;3076;2835;2818;776;257;240;208;54;69;197;727;134;48;67;41
710008;1227;1099;1088;287;100;55;80;26;21;110;264;60;34;22;29
710009;3055;2573;2544;700;113;215;153;47;62;280;700;84;46;59;85
710010;2747;2309;2275;594;94;178;105;46;48;290;665;83;39;69;64
710011;1505;1267;1254;400;60;51;60;32;16;126;345;67;21;30;46
710012;2125;2001;1986;552;178;186;122;50;55;110;570;63;33;39;28
710013;894;766;751;173;25;35;37;20;7;105;265;29;15;18;22
710014;844;753;748;193;68;40;37;18;16;82;172;56;28;19;19
727001;9530;8333;8255;2303;672;667;675;160;171;589;2000;503;226;130;159
727002;339;314;309;72;17;18;24;3;4;23;106;19;7;10;6
727003;1327;1210;1204;288;100;89;126;13;19;82;315;74;30;39;29
727004;971;890;886;228;77;74;86;11;17;77;203;55;31;11;16
727005;1581;1423;1413;377;112;108;137;13;13;106;351;97;57;17;25
727006;825;701;698;163;36;92;52;8;4;67;165;48;15;27;21
727007;1034;898;884;279;43;67;62;11;18;78;181;73;29;15;28
727008;968;833;823;215;54;56;56;17;12;66;223;64;25;14;21
727009;121;119;118;17;9;7;11;4;5;5;45;7;2;3;3
727010;89;75;75;19;0;8;7;0;2;18;15;4;1;1;0
730001;2403;2033;2022;712;109;103;160;29;34;164;438;131;61;35;46
730002;2175;1917;1904;515;92;109;92;44;32;179;669;51;36;48;37
730004;648;572;566;169;19;19;21;14;17;61;182;29;10;12;13
730005;1153;915;902;341;28;33;41;12;8;98;257;34;6;28;16
730006;907;706;698;213;23;29;38;12;16;87;168;37;10;34;31
730007;1120;931;918;330;19;29;39;13;8;112;265;40;8;34;21
730008;1998;1707;1698;521;85;64;83;24;29;188;552;54;33;29;36
730009;1199;1036;1030;340;45;36;48;15;23;142;269;38;1;23;50
730010;1070;854;843;280;28;34;44;17;35;108;211;33;9;18;26
730011;3784;3221;3198;1106;183;136;213;56;48;315;791;174;51;53;72
730012;2137;1922;1909;543;82;106;113;44;56;167;638;55;22;40;43
730013;3086;2807;2786;674;211;222;134;71;49;185;1014;89;41;53;43
730014;1997;1694;1678;614;61;52;78;22;38;218;464;47;14;25;45
730015;676;547;541;171;15;8;28;14;4;82;158;14;6;24;17
730016;864;713;704;205;21;28;29;10;8;122;202;16;10;32;21
730017;1000;847;837;239;28;33;53;18;20;108;255;21;14;21;27
730021;1835;1607;1591;457;79;69;121;20;44;163;479;66;36;32;25
730024;4431;3374;3315;1048;176;140;304;79;65;306;642;280;102;59;114
730025;3070;2357;2319;674;181;106;224;61;39;191;456;172;74;55;86
730026;4174;3309;3273;1351;185;113;220;56;49;351;582;160;46;66;94
730027;3817;2727;2680;1078;163;71;194;43;53;274;383;228;41;49;103
730028;4098;3036;2984;787;208;145;234;127;66;212;645;269;109;64;118
730029;5200;4222;4180;1431;282;202;323;81;78;365;972;233;60;60;93
730030;3008;2259;2234;925;124;73;197;33;25;189;360;156;58;39;55
730031;6113;5162;5120;1756;223;223;371;97;136;518;1285;178;86;122;125
730032;3317;2736;2712;942;137;109;179;50;119;261;639;119;46;56;55
730033;1643;1371;1359;387;80;53;54;27;41;151;440;50;19;34;23
730034;2598;2304;2290;725;93;94;108;55;93;212;724;67;23;53;43
730036;3113;2707;2688;669;134;170;109;70;69;202;1050;75;31;51;58
730037;751;646;642;214;23;23;30;8;12;67;184;40;10;12;19
740001;2543;2170;2155;416;80;212;126;35;123;173;776;80;39;37;58
740002;2123;1870;1855;455;108;143;134;66;58;149;523;90;53;33;43
740003;1400;1195;1182;317;37;86;70;12;31;160;326;45;22;31;45
740004;1527;1334;1320;273;82;85;94;25;184;80;324;76;47;25;25
740005;989;872;863;192;50;68;58;19;34;77;252;41;23;30;19
740006;4894;4251;4192;1137;307;388;332;106;143;277;1000;223;115;67;97
740007;4301;3619;3578;969;145;362;188;53;123;342;1050;130;49;77;90
740008;966;865;856;182;29;45;58;18;25;96;310;42;14;14;23
740009;1016;893;885;175;50;44;76;20;33;105;271;55;17;14;25
740010;1128;1004;999;208;75;72;89;29;17;79;242;78;50;20;40
740011;1439;1302;1298;379;89;124;100;32;28;109;304;54;31;18;30
740012;707;624;617;153;40;30;57;19;25;45;178;27;21;11;11
740013;3180;2907;2884;583;346;358;246;90;53;136;787;109;98;53;25
740014;792;666;653;167;17;68;46;12;17;69;189;18;13;17;20
740015;1237;1103;1089;268;86;76;75;18;41;102;246;79;52;25;21
740016;2169;1862;1844;422;67;175;88;34;76;205;590;54;30;54;49
740017;996;862;854;184;28;62;40;11;58;102;269;34;16;15;35
740018;1327;1224;1208;303;69;108;79;28;136;97;290;40;20;21;17
740021;3208;2934;2899;744;217;267;221;62;66;189;810;144;63;54;62
740022;1625;1375;1363;336;96;96;114;33;32;132;309;100;55;24;36
740023;3538;3256;3237;669;318;446;232;115;65;135;1010;71;72;49;55
740024;868;808;798;174;48;74;65;20;19;63;241;38;31;10;15
740025;372;297;296;52;25;11;19;3;8;22;63;49;29;10;5
740026;2055;1741;1720;541;102;138;148;24;29;125;380;123;40;29;41
740027;2518;2238;2217;537;190;230;189;72;55;131;573;114;54;31;41
740028;3384;2839;2804;857;180;196;265;55;60;237;555;209;71;52;67
740029;5030;4113;4071;1302;338;314;276;80;111;311;792;269;96;70;112
740030;2735;2374;2356;603;120;196;175;63;39;254;614;108;70;48;66
740031;7803;6487;6403;1550;559;586;608;224;108;377;1386;508;271;83;143
740032;2549;2301;2289;517;210;249;160;61;44;128;674;100;83;30;33
741001;2576;2195;2156;559;114;145;192;49;41;181;513;201;83;33;45
741002;338;288;285;79;10;25;24;3;5;15;73;29;15;1;6
746001;1735;1510;1502;362;129;80;104;24;27;111;434;110;37;35;49
746002;4384;3914;3874;1206;293;252;222;101;91;371;994;135;68;73;68
746003;1414;1314;1303;250;192;45;175;34;27;62;229;127;131;12;19
746004;6284;5649;5602;1492;433;380;495;170;90;517;1475;165;127;131;127
746005;2603;2299;2276;587;152;114;193;47;33;237;616;103;71;60;63
746006;7380;6273;6216;1659;547;365;534;150;103;457;1450;441;227;137;146
746007;4954;4482;4449;1051;532;359;285;129;54;265;1332;187;118;69;68
746008;5337;4915;4879;1061;610;329;505;111;73;255;1153;395;267;56;64
746009;3576;3208;3170;916;260;174;221;83;101;333;744;104;80;66;88
746010;3373;3086;3054;834;247;230;236;73;43;245;836;128;78;55;49
746011;1558;1427;1421;356;139;82;92;35;41;134;347;91;42;37;25
746012;1604;1454;1437;347;89;88;99;43;19;142;400;74;45;52;39
751001;13768;12363;12245;2148;2070;808;1312;504;220;292;2362;1370;770;164;225
751002;6327;5417;5349;1208;700;281;600;238;117;198;838;648;323;79;119
751003;6354;5510;5458;1533;558;299;523;114;96;373;1096;469;177;123;97
751004;4200;3690;3658;813;517;263;411;85;67;164;746;330;135;70;57
751006;7442;6504;6442;2095;476;339;491;154;123;558;1437;343;140;150;136
751007;5318;4662;4618;1078;648;347;465;119;91;196;906;376;195;81;116
751008;9404;7603;7494;2028;889;405;724;280;119;509;1190;690;295;162;203
751009;3493;3189;3163;809;346;189;388;56;58;172;643;273;127;47;55
751010;9335;8254;8175;1053;1553;507;756;584;94;142;1609;951;669;93;164
751011;4004;3595;3570;914;360;208;439;65;46;206;747;289;157;66;73
751012;4047;3742;3710;891;463;263;417;80;56;167;869;269;129;59;47
751013;3941;3526;3486;844;284;225;266;78;76;307;1010;151;83;81;81
751016;600;539;539;110;65;33;55;9;10;43;124;48;17;9;16
751018;5216;4519;4481;1421;418;196;404;82;68;434;875;261;93;110;119
751019;3751;3403;3382;846;411;225;376;81;50;192;657;302;124;62;56
751021;15802;13796;13651;1896;2448;810;1427;908;199;224;2590;1649;1142;145;213
751022;3295;2978;2950;679;494;190;350;75;77;94;489;266;124;55;57
751023;6774;5707;5635;1341;981;248;591;155;241;249;722;655;273;84;95
751024;5781;5175;5137;1204;740;361;517;115;130;279;971;397;213;99;111
751025;4618;3300;3256;523;1115;46;160;27;213;110;161;725;104;28;44
751026;4335;3648;3607;963;522;142;282;58;126;298;553;390;142;66;65
751027;6552;5841;5778;859;1040;390;522;463;139;92;1280;474;322;71;126
751028;6175;4870;4810;1461;693;212;325;75;136;368;794;371;140;118;117
751030;3389;2998;2955;845;253;178;205;63;48;263;708;152;87;92;61
751031;506;466;462;106;35;17;41;6;7;46;96;57;21;9;21
751033;2848;2428;2403;718;211;107;169;75;31;231;555;127;58;49;72
751041;6844;6218;6158;835;1241;259;767;277;72;106;863;967;630;48;93
751042;10433;9215;9123;1741;1545;461;1129;295;196;260;1229;1236;774;99;158
751043;6271;5360;5302;1158;814;276;609;191;107;213;731;685;326;73;119
751044;1232;1014;997;253;117;50;124;37;31;51;113;107;60;24;30
751045;7564;7052;7018;1142;1090;867;597;208;135;248;1906;430;193;125;77
751047;8363;7438;7389;2084;755;468;723;132;170;477;1643;432;209;150;146
751048;2767;2544;2514;639;269;109;384;31;37;113;312;378;154;42;46
751049;3843;3475;3442;818;382;331;268;107;41;236;871;181;80;59;68
751050;4229;3770;3745;805;321;370;234;108;60;246;1127;188;109;99;78
751051;6395;5682;5625;1395;652;406;499;162;98;343;1388;324;147;116;95
751053;2207;1813;1792;563;158;69;153;36;34;148;323;154;42;49;63
751055;761;663;648;178;47;28;45;14;11;65;157;50;22;14;17
751056;1445;1275;1263;336;88;50;124;23;18;125;312;72;42;31;42
751061;8688;7348;7251;1756;1071;282;866;236;255;311;923;824;425;124;178
751062;2612;1990;1964;530;539;51;146;31;24;123;152;224;59;33;52
751063;8582;7027;6947;1696;1270;210;795;171;201;304;659;1030;368;84;159
751064;5782;4999;4946;1226;746;207;589;170;96;223;662;589;261;74;103
751065;6313;5612;5565;1386;744;346;648;160;127;300;975;467;190;116;106
751066;4701;4201;4166;720;516;435;300;118;69;172;1262;275;127;106;66
751067;4959;4307;4254;858;707;211;515;195;122;124;591;509;280;62;80
751068;2542;2173;2154;662;229;54;288;24;68;130;197;293;106;31;72
756001;1818;1541;1521;326;34;99;69;29;74;287;497;27;20;30;29
756002;820;675;665;141;10;32;31;23;34;142;187;24;8;15;18
756003;1767;1469;1457;320;36;73;86;18;35;316;393;73;46;30;31
756004;790;626;606;131;25;35;29;14;38;120;153;22;6;13;20
756005;5978;4970;4905;1010;205;378;218;108;192;651;1723;115;73;109;123
756006;660;541;540;88;14;22;13;6;55;97;191;19;5;9;21
756007;11860;10016;9899;2304;474;764;410;234;368;875;3664;255;103;206;242
756008;745;670;669;92;14;36;16;23;45;75;318;11;10;14;15
756009;2704;2337;2306;490;46;132;92;51;135;245;931;48;21;43;72
756010;2158;1893;1868;526;87;112;135;37;69;207;503;71;44;33;44
760001;3672;3041;3009;626;95;165;140;33;737;299;711;73;26;33;71
760002;998;892;886;157;28;72;46;16;87;96;344;9;6;9;16
760003;397;317;315;49;11;10;19;10;24;37;112;14;5;12;12
760005;702;595;587;92;15;34;27;6;91;75;192;21;10;14;10
760008;609;483;480;107;8;23;14;10;58;50;160;16;4;18;12
760009;983;779;770;140;21;25;26;12;172;90;210;21;7;21;25
760010;2414;1953;1936;286;57;141;74;49;331;220;667;31;15;32;33
760012;942;850;845;148;54;65;64;9;85;65;261;45;26;13;10
760013;586;511;508;67;16;26;25;3;56;41;241;16;5;7;5
760014;7077;5981;5940;1325;308;479;420;136;607;534;1722;150;80;91;88
760016;1081;903;890;151;33;40;47;27;64;128;308;30;11;25;26
760019;573;513;506;60;22;33;19;13;30;50;231;24;8;9;7
760020;529;470;467;84;14;18;19;10;51;36;204;11;4;5;11
760021;1026;853;849;203;33;65;42;7;86;103;246;23;7;16;18
760022;1123;959;953;182;39;54;66;18;60;112;341;24;11;19;27
760024;6005;5037;4983;1118;150;293;190;91;1114;383;1349;91;55;64;85
760025;928;784;774;146;15;26;23;9;88;73;354;10;6;10;14
760026;579;512;508;70;11;16;9;2;131;37;198;4;5;11;14
760027;1164;1005;993;143;40;47;24;18;295;71;295;17;14;15;14
760028;880;767;764;161;25;44;26;18;130;66;223;23;14;16;18
760030;3690;3196;3168;643;78;166;96;47;709;339;941;35;32;37;45
760031;463;376;372;49;10;19;12;8;65;50;147;1;0;6;5
760032;551;430;425;64;14;29;22;11;57;65;116;20;5;4;18
760033;1788;1571;1562;266;39;78;57;27;301;188;518;21;20;22;25
760035;2158;1866;1852;331;71;95;79;29;195;175;767;28;20;27;35
766001;6311;5443;5405;1296;235;398;213;157;240;625;1827;131;65;107;111
766002;3053;2590;2551;802;72;111;91;48;240;384;575;70;13;63;82
766003;1505;1324;1314;262;27;44;34;27;266;176;366;26;16;40;30
766004;1194;1061;1044;197;69;87;45;36;63;98;352;32;21;22;22
766005;459;396;389;58;14;19;12;10;43;68;125;9;4;13;14
766006;997;879;871;227;30;62;45;24;14;129;225;29;14;33;39
766007;3372;2925;2877;705;108;165;107;83;57;366;1052;79;24;62;69
766008;604;532;528;123;21;28;28;13;7;77;205;10;3;6;7
766010;1260;1085;1067;264;31;33;60;15;25;175;306;59;20;34;45
766011;1082;926;916;245;31;42;50;23;31;120;248;34;18;22;52
766012;1465;1206;1189;299;44;57;67;20;13;159;415;37;17;32;29
766013;1340;1156;1145;232;71;57;51;39;58;128;356;59;23;37;34
766014;1140;939;923;226;27;43;49;15;21;154;292;42;11;17;26
766015;1729;1521;1500;353;68;100;75;31;26;230;459;55;17;42;44
766016;83;79;78;12;9;4;5;3;3;3;19;10;7;2;1
766017;1072;929;921;215;51;29;61;11;15;160;286;26;25;19;23
766018;371;320;314;58;13;16;17;14;6;63;84;11;5;9;18
766019;574;509;504;92;28;29;24;15;24;89;137;19;9;19;19
766020;1382;1219;1206;278;69;52;47;26;116;145;389;24;10;18;32
766021;2280;1903;1872;434;83;98;78;45;58;344;571;63;13;45;40
766022;1174;984;973;225;41;41;37;21;25;191;292;27;10;24;39
766023;583;505;498;129;20;12;22;12;8;86;160;9;6;14;20
766024;732;630;620;140;25;28;28;11;25;100;190;26;10;9;28
766025;367;297;294;45;18;14;12;7;6;57;93;18;12;6;6
773001;611;516;512;181;20;24;18;2;14;47;154;17;3;10;22
773002;457;397;395;146;13;13;7;6;0;45;118;16;12;5;14
773003;307;277;275;77;14;13;18;3;4;21;110;6;2;2;5
773004;460;416;415;149;17;11;12;4;3;38;138;25;3;5;10
773005;309;278;276;73;6;11;19;2;4;44;95;5;0;4;13
773006;326;276;275;60;13;15;15;9;9;21;97;23;4;4;5
773007;696;593;589;204;21;28;21;12;8;53;212;10;5;6;9
773008;499;424;422;157;6;17;16;4;2;51;134;12;3;3;17
773009;662;574;570;222;15;15;14;6;5;50;193;18;6;6;20
773010;439;375;375;168;9;8;11;3;6;25;125;2;6;5;7
773011;444;386;384;134;8;6;6;2;9;42;137;15;0;12;13
773012;636;549;546;185;7;19;24;6;7;52;215;17;3;2;9
773013;637;521;519;173;15;15;15;5;5;53;206;8;5;5;14
773014;661;548;544;139;20;26;21;7;9;55;219;14;7;11;16
773015;457;383;381;117;7;12;10;2;5;43;150;13;5;8;9
773016;463;406;401;108;14;17;7;2;13;54;146;16;6;13;5
773017;496;417;412;148;13;7;10;1;4;72;118;13;9;4;13
773018;7162;5791;5727;2497;164;237;216;63;106;486;1517;195;73;71;102
779001;6153;4862;4785;1525;328;277;322;98;71;360;1249;221;88;104;142
779002;4990;4376;4337;1226;349;337;237;70;82;279;1463;111;45;77;61
779003;5242;4356;4307;1507;335;234;286;62;73;327;1038;191;60;80;114
779004;2998;2634;2618;715;124;195;139;40;32;209;975;61;18;51;59
779005;1064;945;935;215;60;52;40;8;25;68;378;43;10;15;21
779006;616;517;508;146;20;32;28;5;15;45;170;14;4;10;19
779007;741;640;636;200;22;28;36;14;11;50;233;14;2;12;14
779008;545;467;464;151;30;26;43;5;11;27;141;15;0;6;9
779009;673;577;576;178;30;26;23;9;8;50;217;14;3;4;14
779010;1073;920;902;272;46;32;57;14;18;84;309;25;7;14;24
779011;1507;1242;1222;356;55;98;57;18;18;100;427;34;6;23;30
779012;1100;902;893;244;43;56;32;5;21;98;313;23;12;19;27
779013;1700;1430;1422;430;75;58;66;16;21;116;553;27;19;16;25
779014;1268;1047;1035;331;57;44;44;12;17;87;359;33;14;19;18
779015;1311;1098;1089;361;48;45;66;9;11;65;408;22;5;17;32
779016;1386;1226;1215;320;65;69;71;18;18;84;470;38;16;21;25
779017;570;495;494;167;15;23;19;7;3;43;174;13;4;13;13
779018;1049;873;867;240;51;41;43;15;17;82;295;32;3;9;39
779019;688;563;555;174;35;27;29;6;3;42;184;18;6;12;19
779020;642;573;565;121;38;28;43;11;33;45;199;22;6;11;8
787001;7052;5838;5783;2264;235;326;287;98;136;430;1457;256;87;84;123
787002;887;757;752;293;18;40;26;6;36;96;199;11;4;11;12
787003;721;609;603;163;18;34;13;7;22;68;231;25;8;3;11
787004;685;566;560;161;26;17;28;8;18;75;151;38;11;11;16
787005;517;453;451;155;23;32;10;4;4;79;103;13;5;15;8
787006;1176;1013;1007;308;26;52;19;35;27;107;364;19;12;22;16
787007;959;833;830;284;32;62;32;20;4;57;295;10;12;10;12
787008;1059;913;907;329;38;50;30;12;12;77;299;24;18;9;9
787009;453;402;398;98;13;27;12;6;20;42;147;11;3;4;15
787010;1480;1267;1258;423;31;136;48;10;19;199;273;49;22;29;19
787011;290;254;251;71;10;15;16;2;7;33;78;4;3;6;6
787012;3144;2754;2731;987;113;197;113;40;66;216;741;116;50;49;43
787013;305;259;256;63;13;20;14;2;13;36;56;20;9;4;6
787014;446;414;410;95;11;22;15;11;17;34;164;16;10;7;8
787015;857;717;713;240;13;34;37;8;17;97;182;45;18;13;9
787016;798;661;660;240;12;32;18;3;7;67;242;16;5;4;14
787017;1473;1162;1146;341;28;80;26;12;12;148;401;26;11;25;36
787018;684;535;532;157;15;23;9;4;3;66;210;17;8;9;11
787019;760;665;661;171;72;34;52;11;10;42;139;50;60;4;16
787020;847;721;715;283;17;23;30;9;11;48;185;62;22;12;13
787021;224;197;197;67;5;5;14;4;4;17;47;22;4;6;2
787023;1549;1273;1264;389;40;61;48;16;34;156;391;42;23;15;49
787024;2574;2139;2126;792;74;150;54;24;58;229;631;41;11;23;39
787025;1333;1103;1096;363;28;91;35;17;21;137;294;41;21;27;21
787026;1314;1119;1111;334;37;80;35;14;79;137;309;37;8;12;29
787027;888;780;776;201;36;53;40;10;20;90;241;31;21;10;23
791001;2434;2009;1982;557;65;258;126;28;71;184;506;47;34;38;68
791002;2513;2250;2231;437;190;374;276;46;40;107;511;110;68;23;49
791003;2611;2176;2142;606;62;243;114;23;53;230;592;67;22;49;81
791004;2635;2342;2324;565;106;375;148;34;52;174;686;67;44;35;38
791005;1762;1501;1487;394;36;233;87;17;12;127;487;34;23;13;24
791006;2516;2172;2129;562;78;256;132;27;39;190;698;45;22;36;44
791007;1657;1426;1414;343;45;139;75;22;27;172;481;31;22;24;33
791008;22036;18096;17863;4792;1103;3218;1775;408;280;1045;3347;867;449;227;352
791009;5355;4556;4501;1068;207;1076;241;64;154;345;988;134;73;72;79
791010;2147;1798;1779;413;59;456;87;31;42;194;355;42;28;34;38
791011;1786;1468;1453;317;59;161;76;29;23;162;481;55;28;31;31
791012;3506;2930;2907;747;79;324;125;52;87;315;974;57;28;62;57
791013;9554;8423;8327;2131;578;1645;731;178;217;411;1870;268;126;58;114
791014;2647;2274;2245;531;82;303;166;51;72;189;657;71;59;30;34
791015;2371;2036;2025;488;55;308;129;30;114;212;492;62;27;55;53
791016;2803;2419;2403;577;77;300;155;47;43;205;818;53;47;30;51
791017;2384;2043;2024;455;88;271;138;61;75;207;562;66;31;34;36
810001;640;516;510;166;12;17;19;7;7;78;130;27;10;14;23
810002;1401;1118;1115;445;29;27;50;7;9;148;262;49;15;26;48
810003;3835;3187;3155;1074;184;136;155;34;63;330;911;103;45;40;80
810004;1004;829;818;251;25;32;30;7;12;129;246;21;16;27;22
810005;3426;2949;2913;1047;121;108;144;57;26;288;923;64;32;41;62
810006;1477;1268;1253;388;51;39;49;18;21;148;382;47;25;32;53
810010;9642;8073;7994;3089;306;431;400;156;119;796;2039;243;112;127;176
810034;491;437;434;143;8;24;17;8;12;58;127;19;3;6;9
810040;915;779;767;235;28;35;23;13;19;105;229;20;11;22;27
810050;1187;996;990;341;22;62;65;35;12;81;289;22;11;23;27
810056;500;421;420;135;13;23;10;4;8;46;128;18;6;7;22
810070;1813;1457;1437;395;40;94;60;23;24;193;419;64;18;47;60
810080;643;567;561;201;11;19;19;9;15;64;169;20;4;19;11
813001;6139;4891;4834;1903;138;280;150;41;48;548;1243;153;52;136;142
813002;129;104;100;25;3;7;4;1;1;15;32;9;1;1;1
813003;1464;1233;1215;398;25;131;44;9;15;168;305;58;8;23;31
813004;731;622;615;223;14;18;21;3;6;99;142;25;7;40;17
813005;1276;1087;1080;425;19;39;38;10;19;161;267;24;8;38;32
813006;1925;1593;1577;480;39;82;59;17;166;229;402;23;20;26;34
813007;4873;4001;3968;1808;92;167;172;50;30;509;775;118;35;105;107
813008;7717;5881;5773;2395;177;227;295;68;50;670;1163;254;81;168;225
813009;5548;4593;4546;1870;139;227;161;67;52;468;1073;122;66;153;148
813010;1430;1187;1178;409;36;46;44;10;25;153;358;31;20;18;28
813011;1501;1330;1324;403;42;76;48;21;19;146;435;34;17;41;42
813012;7244;6122;6024;2288;201;288;229;81;99;629;1721;166;76;122;124
813013;355;298;288;78;8;10;15;5;9;28;95;19;7;6;8
813014;832;650;638;212;24;17;19;10;8;92;194;21;9;18;14
813015;621;514;505;177;21;14;20;8;19;56;138;16;8;13;15
813016;367;302;301;109;11;14;8;3;9;35;75;15;0;12;10
813017;589;476;469;165;11;8;8;9;13;79;126;11;4;23;12
813018;429;379;376;116;10;5;12;7;1;52;120;20;0;16;17
813019;623;500;500;155;10;11;13;7;8;89;137;23;8;16;23
813020;522;417;415;146;6;15;18;4;5;60;119;13;2;13;14
813021;1407;1134;1127;332;27;35;37;18;49;179;388;16;11;15;20
813022;495;427;424;151;12;17;10;5;10;48;131;10;2;14;14
820001;2971;2342;2320;687;68;125;99;23;47;295;754;44;18;71;89
820002;3514;2826;2802;772;68;163;145;36;73;390;948;55;19;66;67
820003;608;507;499;119;22;34;36;5;12;64;150;24;1;19;13
820004;7003;5829;5792;1698;239;520;326;85;64;637;1828;106;46;117;126
820005;1308;1049;1034;292;40;67;52;9;20;121;325;46;18;20;24
820006;839;695;691;185;26;35;39;8;9;73;237;13;9;25;32
820007;1381;1117;1104;317;34;62;73;8;18;148;339;32;11;33;29
820008;1313;1036;1023;270;29;67;61;10;12;126;356;18;10;22;42
820009;820;665;658;158;18;43;52;2;15;83;210;27;6;22;22
820010;3889;3124;3100;955;78;95;402;28;28;297;1011;62;34;47;63
820011;1344;1052;1035;236;41;23;189;5;9;113;277;60;20;35;27
820012;1009;797;791;178;20;25;77;7;15;90;308;22;9;24;16
820013;753;607;606;130;18;17;48;5;7;65;249;16;6;17;28
820014;651;543;533;147;24;24;29;12;7;76;164;20;7;14;9
825015;1494;1229;1221;353;36;77;45;10;25;228;316;70;15;19;27
840001;6705;5991;5947;1824;377;337;276;155;68;497;2008;135;75;106;89
840002;3157;2849;2831;806;338;145;279;42;28;137;614;215;145;40;42
840003;1755;1464;1441;606;42;52;63;17;15;153;377;42;16;26;32
840004;2021;1731;1720;528;67;93;70;21;35;189;555;46;22;39;55
840005;2110;1748;1730;479;62;94;56;26;44;195;620;41;24;30;59
840006;993;799;787;232;39;33;28;13;15;82;266;23;15;13;28
840007;1410;1246;1234;322;75;50;78;28;28;96;433;46;27;26;25
840008;1225;1003;994;414;42;29;35;26;8;99;250;36;16;14;25
840009;676;578;567;139;22;29;21;8;6;109;167;33;11;12;10
840010;1140;958;951;387;29;22;38;19;10;107;232;42;20;23;22
840011;500;422;417;105;27;15;16;6;4;46;152;13;13;10;10
846002;1764;1415;1400;574;43;60;69;17;20;184;295;60;16;23;39
846003;3175;2646;2617;715;128;359;148;47;91;272;613;85;45;55;59
846004;2850;2360;2340;909;118;93;107;48;26;225;594;94;35;37;54
846008;1656;1388;1377;407;69;58;47;24;19;155;472;47;24;21;34
846009;1731;1405;1388;399;39;43;57;33;11;206;444;54;22;38;42
846011;5279;4312;4271;1594;228;181;161;60;34;462;1245;114;42;56;94
846014;841;672;666;273;21;23;26;28;4;75;149;36;6;11;14
846018;1994;1630;1606;612;57;64;47;35;8;184;492;42;10;24;31
846020;2631;2290;2272;672;111;92;107;52;37;254;753;59;27;53;55
846022;1634;1370;1356;362;63;74;68;34;17;194;384;57;27;27;49
846027;8190;6678;6619;2278;393;337;333;116;102;576;1761;320;122;138;143
849001;4703;4055;4036;1300;159;208;182;85;48;330;1412;80;69;94;69
849002;1462;1279;1262;507;48;38;49;17;16;146;333;32;13;35;28
849003;1205;1077;1069;403;41;49;54;33;15;120;263;22;16;30;23
849004;963;826;818;306;35;33;29;17;18;72;245;16;10;14;23
849005;916;819;813;270;38;46;32;17;12;67;266;26;11;12;16
849006;516;424;417;106;9;16;30;4;11;61;123;13;10;18;16
849007;429;356;353;129;10;12;15;10;7;57;94;3;3;9;4
849008;2268;1787;1769;637;63;97;54;20;27;189;536;52;16;40;38
849009;1049;876;864;290;27;35;33;19;8;98;273;18;15;27;21
849010;501;396;387;142;9;14;8;10;4;55;117;4;9;7;8
849011;881;726;719;214;27;52;39;15;13;95;173;42;20;14;15
849012;1200;988;979;352;28;23;36;12;29;122;266;30;16;32;33
849013;3320;2647;2621;969;103;94;114;30;54;310;732;65;31;59;60
849014;1008;778;770;243;25;25;32;10;4;128;230;32;12;19;10
849015;784;637;633;218;12;20;33;8;16;78;194;17;8;13;16
849016;912;735;733;219;22;21;31;15;16;83;261;19;16;19;11
849018;2456;2068;2051;786;55;67;72;23;42;210;569;62;34;82;49
849019;2200;1678;1663;731;29;33;61;24;10;242;277;59;17;102;78
849020;1382;1230;1226;339;48;103;54;18;19;134;392;38;14;37;30
849021;972;821;804;230;27;34;39;21;22;92;245;23;17;23;31
851003;10088;8033;7930;2861;544;312;590;211;62;636;1542;547;255;130;240
851005;8236;6406;6345;2591;367;196;374;132;60;641;1101;421;140;126;196
851007;2192;1912;1890;720;75;75;69;32;60;187;521;65;32;28;26
851010;5178;4434;4408;1482;184;179;217;79;85;428;1325;167;58;79;125
851011;5502;4704;4666;1627;218;198;306;67;53;396;1299;216;83;95;108
851014;3787;3016;2990;1091;200;107;241;101;26;177;487;299;108;47;106
851015;6465;5201;5097;1287;542;196;444;280;40;164;1078;538;313;64;151
851016;11591;9260;9138;2032;1115;515;722;561;104;276;2074;784;548;137;270
851017;6295;5320;5276;1857;412;254;408;129;87;316;1064;386;159;81;123
851018;3965;3315;3280;1227;184;156;196;77;50;262;770;136;58;65;99
851019;9777;8756;8712;2114;811;716;607;221;111;407;2842;420;180;139;144
851022;4040;3594;3566;1099;191;171;176;83;44;292;1160;122;68;85;75
851024;5409;4653;4607;1620;267;248;275;82;44;397;1208;160;101;98;107
851027;10549;8600;8478;2322;934;334;659;460;95;397;1826;617;447;125;262
851029;9768;7849;7741;2683;697;304;580;232;136;463;1443;569;289;121;224
851030;5773;4766;4706;1543;486;168;378;155;85;286;846;346;200;83;130
851031;6012;5046;4994;1865;358;182;434;87;87;324;879;386;160;76;156
851032;3111;2658;2642;1014;188;104;166;50;78;240;418;203;76;40;65
851033;3457;3117;3097;1156;169;162;176;64;24;253;821;94;44;67;67
851034;6294;5615;5573;1902;384;267;339;100;114;401;1543;209;123;85;106
851035;4357;3890;3864;1216;295;180;311;66;65;259;988;241;92;46;105
851038;2415;2108;2077;778;86;89;98;34;19;231;569;49;35;44;45
851040;5684;4296;4237;1733;315;139;298;73;63;300;550;403;131;84;148
851043;4327;3650;3608;1409;153;141;193;60;25;340;966;121;42;81;77
851044;3806;3169;3148;1187;92;101;111;37;33;387;873;130;32;86;79
851046;1075;855;845;317;18;22;28;6;10;100;247;28;8;28;33
851047;4971;4313;4278;1397;246;198;202;85;44;316;1391;158;78;71;92
851052;1571;1351;1333;397;55;36;75;15;24;135;410;60;34;40;52
851056;1609;1294;1281;512;33;37;36;16;11;166;337;39;10;30;54
851058;1999;1684;1675;679;44;47;83;12;12;199;410;78;34;30;47
851061;3808;3175;3143;1293;137;96;160;50;35;276;819;106;44;48;79
860001;1396;1182;1165;336;33;98;41;10;31;152;351;25;10;37;41
860003;4303;3315;3287;1201;61;185;133;32;63;484;801;74;31;102;120
860004;5200;4010;3956;1432;232;283;270;59;55;286;809;249;86;68;127
860006;1389;1196;1183;327;59;68;66;16;16;126;385;43;18;34;25
860007;1268;1065;1055;304;28;50;35;5;20;129;366;40;10;42;26
860008;1273;1040;1034;261;52;50;49;16;11;100;377;48;16;30;24
860011;2562;2058;2031;578;66;106;73;17;69;250;719;57;19;42;35
860012;1373;1103;1094;291;27;60;41;6;22;117;415;35;12;28;40
860013;1285;1138;1124;294;43;58;52;17;19;93;419;46;18;38;27
860014;1279;1119;1108;294;40;69;53;33;16;107;358;73;32;20;13
860015;4984;4321;4276;1598;150;308;208;60;36;364;1201;142;49;67;93
860016;5124;4327;4284;1499;177;306;237;40;44;347;1184;172;71;92;115
860018;4750;4072;4037;1425;210;313;234;65;74;319;1028;162;66;67;74
860019;3162;2601;2575;831;116;129;150;33;62;255;691;115;40;89;64
860020;841;729;719;200;28;59;35;14;5;75;222;28;8;26;19
860021;2266;1914;1891;582;68;140;93;22;29;191;587;65;17;50;47
860022;2746;2242;2215;778;61;105;89;21;34;239;702;62;28;47;49
860023;897;778;770;207;41;23;36;12;16;76;267;32;7;25;28
860026;939;782;778;204;25;35;37;12;15;114;226;38;13;31;28
860027;804;701;698;218;19;40;15;5;4;116;216;15;10;17;23
860028;1150;915;908;287;22;33;19;9;24;138;285;29;11;24;27
